inner_text;site_url;domain;inner_text_lower_case
pÅ™ed 2 dny  od Notifikuj;https://www.trpajzlik.cz/Mouse-Mama-damske-tricko-d1228.htm;trpajzlik.cz;pÅ™ed NUMBERdny  od notifikuj
pÅ™ed 1 hodinou  od Notifikuj;https://www.sportfanatics.cz/fitness-potreby/shop.php?m=Extrifit%20Proteinut%20400g%20400g%20Sko%C5%99icov%C3%A1%20su%C5%A1enka;sportfanatics.cz;pÅ™ed NUMBERhodinou  od notifikuj
"Ivana z Prahy
mÃ¡ dokonÄenou objednÃ¡vku
pÅ™ed 54 minutami  od Notifikuj
x";https://www.ifp-publishing.cz/dobrodruzne-pribehy/neuveritelna-namorni-dobrodruzstvi/;ifp-publishing.cz;"ivana z prahy
mÃ¡ dokonÄenou objednÃ¡vku
pÅ™ed NUMBERminutami  od notifikuj
x"
"36 nÃ¡vÅ¡tÄ›vnÃ­kÅ¯
si prÃ¡vÄ› prohlÃ­Å¾Ã­ tento web
âœ“ ovÄ›Å™eno od Notifikuj
x";https://www.pasti.cz/ultrazvukovy-plasic-kun-a-hlodavcu-deramax-profi/;pasti.cz;"NUMBERnÃ¡vÅ¡tÄ›vnÃ­kÅ¯
si prÃ¡vÄ› prohlÃ­Å¾Ã­ tento web
âœ“ ovÄ›Å™eno od notifikuj
x"
"Eva z Prahy
PoslednÃ­ objednÃ¡vka
pÅ™ed 54 minutami  od Notifikuj
x";https://www.fyto-kosmetika.cz/bio-ustni-sprej-pro-svezi-dech-s-termomineralni-vodou-15-ml-p12021;fyto-kosmetika.cz;"eva z prahy
poslednÃ­ objednÃ¡vka
pÅ™ed NUMBERminutami  od notifikuj
x"
pÅ™ed 3 minutami  od Notifikuj;https://www.electro.cz/volne-stojici-pracky-predem/philco/pl-1062-chiva;electro.cz;pÅ™ed NUMBERminutami  od notifikuj
"Eva z Ostravy
mÃ¡ dokonÄenou objednÃ¡vku
pÅ™ed 9 hodinami  od Notifikuj
x";https://www.memoa.cz/pece-o-vlasy/keratinova-maska-na-vlasy-s-kofeinem-vivapharm-200-ml/;memoa.cz;"eva z ostravy
mÃ¡ dokonÄenou objednÃ¡vku
pÅ™ed NUMBERhodinami  od notifikuj
x"
"Ludmila z ÄŒeskÃ½ch BudÄ›jovic
mÃ¡ objednÃ¡no vÅ¡e na peÄenÃ­ ?
pÅ™ed 5 minutami  od Notifikuj
x";https://www.hospodynkam.cz/smes-na-duhovy-dort-rainbow-600g/;hospodynkam.cz;"ludmila z ÄeskÃ½ch budÄ›jovic
mÃ¡ objednÃ¡no vÅ¡e na peÄenÃ­ ?
pÅ™ed NUMBERminutami  od notifikuj
x"
"KlÃ­Å¡Å¥atÅ¯m chcete smrdÄ›t!
MrknÄ›te na pÅ™Ã­rodnÃ­ antiparazitika
âœ“ Notifikuj
x";https://obchod.dogfitness.cz/menforsan/menforsan-antiparazitni-sprej-pro-psy-proti-klistatum-a-blecham-s-extraktem-z-margosy/;obchod.dogfitness.cz;"klÃ­Å¡Å¥atÅ¯m chcete smrdÄ›t!
mrknÄ›te na pÅ™Ã­rodnÃ­ antiparazitika
âœ“ notifikuj
x"
"Lucie z DÄ›ÄÃ­na
mÃ¡ dokonÄenou objednÃ¡vku ? ?
pÅ™ed 2 minutami  od Notifikuj
x";https://nakoplast.cz/obchod/nadrz-na-destovou-vodu-ecotank-300-l-viko/;nakoplast.cz;"lucie z dÄ›ÄÃ­na
mÃ¡ dokonÄenou objednÃ¡vku ? ?
pÅ™ed NUMBERminutami  od notifikuj
x"
âœ“ ovÄ›Å™eno od Notifikuj;https://www.granulebardog.cz/news/spolecne-jsme-predali-utulkum-vice-jak-pul-tuny-granuli-pro-pejsky-a-kocicky;granulebardog.cz;âœ“ ovÄ›Å™eno od notifikuj
"183 lidÃ­ navÅ¡tÃ­vilo tento web za poslednÃ­ch 7 dnÃ­
âœ“ ovÄ›Å™eno od Notifikuj
x";https://www.pospartner.cz/eet-reseni-mobilni-tiskarny-cashino-ptp-ii-s-aplikaci-profi-uctenka-a-10-ks-termokotoucku;pospartner.cz;"NUMBERlidÃ­ navÅ¡tÃ­vilo tento web za poslednÃ­ch NUMBERdnÃ­
âœ“ ovÄ›Å™eno od notifikuj
x"
"118 lidÃ­ navÅ¡tÃ­vilo tento web za poslednÃ­ch 24 hod.
âœ“ ovÄ›Å™eno od Notifikuj
x";https://www.sanitcare.cz/antigenni-rapid-test-ze-slin-na-covid-19--rapid-for/;sanitcare.cz;"NUMBERlidÃ­ navÅ¡tÃ­vilo tento web za poslednÃ­ch NUMBERhod.
âœ“ ovÄ›Å™eno od notifikuj
x"
"â€Spokojenost.â€œ
100% â˜…â˜…â˜…â˜…â˜… doporuÄuje obchod
âœ“ ovÄ›Å™eno od Notifikuj";https://www.azkrmiva.cz/flevox-spot-on-akce-dog-s-67mg-sol-1-x-067ml.html;azkrmiva.cz;"â€spokojenost.â€œ
NUMBER% â˜…â˜…â˜…â˜…â˜… doporuÄuje obchod
âœ“ ovÄ›Å™eno od notifikuj"
"Pavel ze ZlÃ­na
prÃ¡vÄ› objednali ÄistÃ­rnu STMH
pÅ™ed 3 hodinami  od Notifikuj
x";https://obchod.hellstein.cz/sestava-uskladneni-kalu-u2-a-cistirna-odpadnich-vod-stmh5/;obchod.hellstein.cz;"pavel ze zlÃ­na
prÃ¡vÄ› objednali ÄistÃ­rnu stmh
pÅ™ed NUMBERhodinami  od notifikuj
x"
"â€VÅ¡e v poÅ™Ã¡dku a rychleâ€œ
100% â˜…â˜…â˜…â˜…â˜… doporuÄuje obchod
âœ“ ovÄ›Å™eno od Notifikuj";https://www.sasoo.cz/bundy-kabaty-kabat-damska-freemi-ko-c100-p1007511852-v50262.htm?param[seq]=17;sasoo.cz;"â€vÅ¡e v poÅ™Ã¡dku a rychleâ€œ
NUMBER% â˜…â˜…â˜…â˜…â˜… doporuÄuje obchod
âœ“ ovÄ›Å™eno od notifikuj"
pÅ™ed 9 minutami  od Notifikuj;https://www.trx-baterie.cz/Akyga-AK-SP-05A-prepetova-ochrana-1-8m-5-zasuvek-cerna-d1990.htm;trx-baterie.cz;pÅ™ed NUMBERminutami  od notifikuj
"Martin z Brna
uÅ¾ mÃ¡ objednÃ¡no. DÄ›kujeme ğŸ’™
pÅ™ed 2 hodinami  od Notifikuj
x";https://www.askontsedacky.cz/pohovka-3m-sheffield-dark-green-p419;askontsedacky.cz;"martin z brna
uÅ¾ mÃ¡ objednÃ¡no. dÄ›kujeme ğŸ’™
pÅ™ed NUMBERhodinami  od notifikuj
x"
"â€Kvalitu zboÅ¾Ã­â€œ
100% â˜…â˜…â˜…â˜…â˜… doporuÄuje obchod
âœ“ ovÄ›Å™eno od Notifikuj
x";https://www.tupeskakeramika.cz/korenky/sada-korenek-s-rucne-malovanym-korenim/;tupeskakeramika.cz;"â€kvalitu zboÅ¾Ã­â€œ
NUMBER% â˜…â˜…â˜…â˜…â˜… doporuÄuje obchod
âœ“ ovÄ›Å™eno od notifikuj
x"
pÅ™ed 2 hodinami  od Notifikuj;https://www.coolboty.cz/boma-ponozky-prstan-a-01-bila-1-par;coolboty.cz;pÅ™ed NUMBERhodinami  od notifikuj
"SedacÃ­ souprava MORRISON
NynÃ­ uÅ¡etÅ™Ã­te 5 500 KÄ!
Zobrazit produkt âœ“ Notifikuj
x";https://www.zlutahala.cz/rozkladaci-sedaci-souprava-nero-p4593;zlutahala.cz;"sedacÃ­ souprava morrison
nynÃ­ uÅ¡etÅ™Ã­te NUMBERkÄ!
zobrazit produkt âœ“ notifikuj
x"
pÅ™ed 27 minutami  od Notifikuj;https://www.kamisport.cz/fitness-potreby/shop.php?m=B%C4%9B%C5%BEeck%C3%BD%20p%C3%A1s%20inSPORTline%20inCondi%20T30i%20-%20servis%20u%20z%C3%A1kazn%C3%ADka;kamisport.cz;pÅ™ed NUMBERminutami  od notifikuj
"Petr z UherskÃ©ho HradiÅ¡tÄ›
mÃ¡ dokonÄenou objednÃ¡vku
pÅ™ed 2 minutami  od Notifikuj
x";https://www.bestent.cz/partystany-hruba-ocelova-konstrukce/partystan-3x4m-ocelova-trubkova-konstrukcia/;bestent.cz;"petr z uherskÃ©ho hradiÅ¡tÄ›
mÃ¡ dokonÄenou objednÃ¡vku
pÅ™ed NUMBERminutami  od notifikuj
x"
pÅ™ed 1 minutou  od Notifikuj;https://www.fit-fitness.cz/fitness-potreby/shop.php?m=Cyklotrena%C5%BE%C3%A9r%20inSPORTline%20inCondi%20S1000i%20-%20servis%20u%20z%C3%A1kazn%C3%ADka;fit-fitness.cz;pÅ™ed NUMBERminutou  od notifikuj
pÅ™ed 5 minutami  od Notifikuj;https://www.obchodnisa.cz/kotnikova-obuv-cxs-universe-meteor-o2;obchodnisa.cz;pÅ™ed NUMBERminutami  od notifikuj
âœ“ ovÄ›Å™eno od Notifikuj;https://www.new-you-mode.cz/https/www-new-you-mode-cz/numoco-damske-saty-a13-91-kvety-d149-htm;new-you-mode.cz;âœ“ ovÄ›Å™eno od notifikuj
"Martin z Jablonce n.N.
mÃ¡ dokonÄenou objednÃ¡vku
pÅ™ed 6 hodinami  od Notifikuj
x";https://www.novacig.cz/e-liquidy-se-syntetickym-nikotinem;novacig.cz;"martin z jablonce n.n.
mÃ¡ dokonÄenou objednÃ¡vku
pÅ™ed NUMBERhodinami  od notifikuj
x"
pÅ™ed 11 hodinami  od Notifikuj;https://www.clipinhair.cz/9-clip-in-vlasy-k-prodlouzeni-remy-100-lidske-53cm-100g-prirodni-svetlejsi-blond.html;clipinhair.cz;pÅ™ed NUMBERhodinami  od notifikuj
"Milan z Liberce
uÅ¾ mÃ¡ objednÃ¡no ğŸ›’ DÄ›kujeme â™¥ï¸
pÅ™ed 23 hodinami  od Notifikuj
x";https://www.rono.cz/detail/detsky-kufr-s-batohem-znacky-t-class-s-motivem-lyzare;rono.cz;"milan z liberce
uÅ¾ mÃ¡ objednÃ¡no ğŸ›’ dÄ›kujeme â™¥ï¸
pÅ™ed NUMBERhodinami  od notifikuj
x"
"â€VstÅ™Ã­cnÃ½ postoj ke komplikacÃ­m, kterÃ© vznikly mojÃ­ zÃ¡sluhou.â€œ
100% â˜…â˜…â˜…â˜…â˜… doporuÄuje obchod
âœ“ ovÄ›Å™eno od Notifikuj
x";https://www.produm.eu/zahrada/uprava-zahrady/zahradni-voziky/vozik-zahradni-loadgo-84x61x50-cm-55-l-cerny-plast___3300085;produm.eu;"â€vstÅ™Ã­cnÃ½ postoj ke komplikacÃ­m, kterÃ© vznikly mojÃ­ zÃ¡sluhou.â€œ
NUMBER% â˜…â˜…â˜…â˜…â˜… doporuÄuje obchod
âœ“ ovÄ›Å™eno od notifikuj
x"
"Josef z Prahy
mÃ¡ dokonÄenou objednÃ¡vku
pÅ™ed 36 minutami  od Notifikuj
x";https://www.eshopbois.cz/atn-x-sight-4k-pro-5-20x-denni-nocni-puskohled/;eshopbois.cz;"josef z prahy
mÃ¡ dokonÄenou objednÃ¡vku
pÅ™ed NUMBERminutami  od notifikuj
x"
"KristÃ½na z MerklÃ­na
mÃ¡ novou objednÃ¡vku
pÅ™ed 3 hodinami  od Notifikuj
x";https://www.nosenideti.cz/LennyLamb-SWALLOWS-RAINBOW-DARK;nosenideti.cz;"kristÃ½na z merklÃ­na
mÃ¡ novou objednÃ¡vku
pÅ™ed NUMBERhodinami  od notifikuj
x"
"2 nÃ¡vÅ¡tÄ›vnÃ­kÅ¯
si prÃ¡vÄ› prohlÃ­Å¾Ã­ tento web
âœ“ ovÄ›Å™eno od Notifikuj
x";https://shop.grenzemarkt.cz/sencor-rucni-vysavac-svc-190b/;shop.grenzemarkt.cz;"NUMBERnÃ¡vÅ¡tÄ›vnÃ­kÅ¯
si prÃ¡vÄ› prohlÃ­Å¾Ã­ tento web
âœ“ ovÄ›Å™eno od notifikuj
x"
pÅ™ed 5 hodinami  od Notifikuj;https://www.detskedrevenehracky.cz/p/djeco-premistitelne-samolepky-pro-nejmensi-zviratka/;detskedrevenehracky.cz;pÅ™ed NUMBERhodinami  od notifikuj
âœ“ ovÄ›Å™eno od Notifikuj;https://www.walteco.cz/trojita-police-rusticline/;walteco.cz;âœ“ ovÄ›Å™eno od notifikuj
pÅ™ed 9 minutami  od Notifikuj;https://www.maxidilna.cz/Krizovy-laser-3D-360-zeleny-paprsek-samonivelacni-STREND-PRO-INDUSTRIAL-GF360G-30m-50m-d6495.htm;maxidilna.cz;pÅ™ed NUMBERminutami  od notifikuj
"122 lidÃ­ navÅ¡tÃ­vilo tento web za poslednÃ­ch 7 dnÃ­
âœ“ ovÄ›Å™eno od Notifikuj
x";https://www.lopra.cz/p/7020928-francouzske-povleceni-saten-220x200-70x90cm-sonet-bordo-vyber-zapinani-zipovy-uzaver;lopra.cz;"NUMBERlidÃ­ navÅ¡tÃ­vilo tento web za poslednÃ­ch NUMBERdnÃ­
âœ“ ovÄ›Å™eno od notifikuj
x"
"LukÃ¡Å¡ z MladÃ© Boleslavi
mÃ¡ dokonÄenou objednÃ¡vku
pÅ™ed 2 hodinami  od Notifikuj
x";https://www.azbike.cz/p/5846013-bezdratova-elektricka-pumpicka-smartnewo-bp198;azbike.cz;"lukÃ¡Å¡ z mladÃ© boleslavi
mÃ¡ dokonÄenou objednÃ¡vku
pÅ™ed NUMBERhodinami  od notifikuj
x"
"â€RychlÃ© dodÃ¡nÃ­, kvalitaâ€œ
100% â˜…â˜…â˜…â˜…â˜… doporuÄuje obchod
âœ“ ovÄ›Å™eno od Notifikuj";https://www.brandit.cz/cepice-baseball-cap-flexfit-multicam%C2%AE-multicam-black?xd_nov=1;brandit.cz;"â€rychlÃ© dodÃ¡nÃ­, kvalitaâ€œ
NUMBER% â˜…â˜…â˜…â˜…â˜… doporuÄuje obchod
âœ“ ovÄ›Å™eno od notifikuj"
"KateÅ™ina z ÄŒeskÃ©ho TÄ›Å¡Ã­na
mÃ¡ dokonÄenou objednÃ¡vku
pÅ™ed 15 hodinami  od Notifikuj
x";https://www.triko4u.cz/damske-tricko-s-dlouhym-rukavem-interlock;triko4u.cz;"kateÅ™ina z ÄeskÃ©ho tÄ›Å¡Ã­na
mÃ¡ dokonÄenou objednÃ¡vku
pÅ™ed NUMBERhodinami  od notifikuj
x"
pÅ™ed 8 hodinami  od Notifikuj;https://www.selles.cz/alfistick-3d-samolepici-kamenny-obklad-zlaty-piskovec-esp006/;selles.cz;pÅ™ed NUMBERhodinami  od notifikuj
âœ“ ovÄ›Å™eno od Notifikuj;https://www.umele-vanocni-stromky.cz/p/umely-vanocni-stromek-borovice-prirodni-120-cm/;umele-vanocni-stromky.cz;âœ“ ovÄ›Å™eno od notifikuj
"Radek z Prahy
mÃ¡ dokonÄenou objednÃ¡vku
pÅ™ed 3 hodinami  od Notifikuj
x";https://www.rewer.cz/spokey-volver-elektricka-kolobezka-cervena--kolecka-8-baterie-7-8-ah--do-120-kg/;rewer.cz;"radek z prahy
mÃ¡ dokonÄenou objednÃ¡vku
pÅ™ed NUMBERhodinami  od notifikuj
x"
"â€NemÃ¡m nic spokejenostâ€œ
100% â˜…â˜…â˜…â˜…â˜… doporuÄuje obchod
âœ“ ovÄ›Å™eno od Notifikuj";https://www.vecidodomu.cz/Sanytol-Dezinfekce-jednorazove-cistici-uterky-vune-eukalyptu-36-ks-d130.htm;vecidodomu.cz;"â€nemÃ¡m nic spokejenostâ€œ
NUMBER% â˜…â˜…â˜…â˜…â˜… doporuÄuje obchod
âœ“ ovÄ›Å™eno od notifikuj"
âœ“ ovÄ›Å™eno od Notifikuj;https://gametip.cz/herni-centrum/herni-zarizeni/herni-konzole/sony-playstation-5/;gametip.cz;âœ“ ovÄ›Å™eno od notifikuj
