Notino,https://www.heureka.cz/exit/notino-cz/?z=4
Lidl-shop.cz,https://www.heureka.cz/exit/lidl-shop-cz/?z=4
EVA.cz,https://www.heureka.cz/exit/eva-cz/?z=4
Astratex.cz,https://www.heureka.cz/exit/astratex-cz/?z=4
Lékárna.cz,https://www.heureka.cz/exit/lekarna-cz/?z=4
Dr. Max lékárna,https://www.heureka.cz/exit/drmax-cz/?z=4
ELNINO.CZ,https://www.heureka.cz/exit/parfemy-elnino-cz/?z=4
Benu.cz,https://www.heureka.cz/exit/benu-cz/?z=4
Knihy Dobrovský,https://www.heureka.cz/exit/knihydobrovsky-cz/?z=4
Altisport,https://www.heureka.cz/exit/altisport-cz/?z=4
Kosmas.cz,https://www.heureka.cz/exit/kosmas-cz/?z=4
T.S.BOHEMIA a.s.,https://www.heureka.cz/exit/tsbohemia-cz/?z=4
Prozdravi.cz,https://www.heureka.cz/exit/prozdravi-cz/?z=4
Mironet.cz,https://www.heureka.cz/exit/mironet-cz/?z=4
Sportisimo,https://www.heureka.cz/exit/sportisimo-cz/?z=4
Matějovský povlečení,https://www.heureka.cz/exit/matejovsky-povleceni-cz/?z=4
Parfemy.cz,https://www.heureka.cz/exit/parfemy-cz/?z=4
NejlevnějšíPNEU.cz,https://www.heureka.cz/exit/nejlevnejsipneu-cz/?z=4
Dobré knihy,https://www.heureka.cz/exit/dobre-knihy-cz/?z=4
eobuv.cz,https://www.heureka.cz/exit/eobuv-cz/?z=4
