(159768, 10000)
https://www.horime.cz/Horime-HM50100K-KOMPLET-mala-udirna-s-topenistem-XXL-30x30x35-cm-d202.htm
https://www.horime.cz/Focus-Garden-Zahradni-nabytek-Sydney-6-1-Alu-silver-taupe-d97.htm
https://www.horime.cz/Horime-cz-Zahradni-domaci-udirna-KOMPLET-HM5050-Eko-d193.htm
https://www.horime.cz/Horime-elektricky-ventilator-k-rozdmychani-grilu-ohne-d31.htm
https://www.horime.cz/Horime-HM50100K-KOMPLET-velka-udirna-s-topenistem-XXL-30x30x35-cm-d201.htm
https://www.secondhand-iva.cz/eshop-outlet-damske-tunikove-saty-next-87-24995
https://www.secondhand-iva.cz/eshop-nove-damske-tricko-new-look-87-25000
https://www.secondhand-iva.cz/eshop-outlet-damske-tunikove-saty-next-8-24995
https://www.secondhand-iva.cz/eshop-divci-sportovni-podprsenka-lululemon-atletica-8-25029
https://www.secondhand-iva.cz/eshop-outlet-detsky-karnevalovy-kostym-87-24998
https://www.koralek-obchod.cz/kozena-brousena-snura-prumer-3mm-snura-z-kvalitni-plne-kuze-barva-k015-tm-fialova
https://www.koralek-obchod.cz/kozena-brousena-snura-prumer-3mm-snura-z-kvalitni-plne-kuze-barva-k013-sv-fialova
https://www.koralek-obchod.cz/fimo-leather-sada-diy-sperky-baleni-4-barevnych-bloku-fimo-po-25g-komponenty-a-podrobny-obrazkovy-navod-2
https://www.koralek-obchod.cz/lepidlo-epoxidove-uhu-plus-schnellfest-vhodne-k-lepeni-sklo-kov-pruhledne-barvy-baleni-24ml-vytvrzeni-5min
https://www.koralek-obchod.cz/barva-na-porcelan-vypalovaci-pebeo-porcelaine-150-odstin-c123-powder-green-baleni-45-ml
http://longboard-shop.cz/cs/nahradni-dily/148-mbs-loziska-12x28mm.html
http://longboard-shop.cz/cs/ostatni/456-loaded-countarsung-hardware.html
http://longboard-shop.cz/cs/chranice/524-g-form-pro-x-elbow-2014-pads-charcoal-lokty.html
http://longboard-shop.cz/cs/kolecka/226-orangatang-the-kegel-80-mm.html
http://longboard-shop.cz/cs/mountainboard-komplety/262-trampa-kb-holey-mountainboard.html
https://www.dreambaby.cz/produkt/damske-sportovni-7-8-leginy-iron-ic-2-0-comfort-barva-grigio-vs-velikost
https://www.dreambaby.cz/produkt/damske-plavky-monokiny-beatrix-m-337-marko
https://www.dreambaby.cz/produkt/damske-spolecenske-saty-skwana-model-127212-jersa
https://www.dreambaby.cz/produkt/panska-mestska-bunda-4f-kum006-tmave-modra
https://www.dreambaby.cz/produkt/damske-saty-silvana-model-131429-jersa
https://www.urbanstore.cz/athlete-recovery-sleepwear-overal-na-spani-under-armour
https://www.urbanstore.cz/coldgear-reactor-performance-bunda-under-armour-6
https://www.urbanstore.cz/light-strawberry-satek-philipp-plein
https://www.urbanstore.cz/charged-pursuit-2-tenisky-under-armour-20?B
https://www.urbanstore.cz/multicolor-collegiate-triko-under-armour-1
https://www.reded.cz/zbozi/ponorna-automaticka-vodarna-aquacup-ecorra-1200/
https://www.reded.cz/zbozi/obehove-cerpadlo-grundfos-alpha2-25-40-130mm/
https://www.reded.cz/zbozi/ponorna-automaticka-vodarna-aquacup-ecorra-1100/
https://www.reded.cz/zbozi/automaticke-cerpadlo-s-ridici-jednotkou-dab-dtron-3-45-90/
https://www.reded.cz/zbozi/ponorna-automaticka-vodarna-dab-divertron-1200m/
http://www.vsenagolf.cz/obchod/golfove-micky/hrane-golfove-micky-nike-kvalita-a/
http://www.vsenagolf.cz/obchod/vybaveni-na-trenink/longridge-deluxe-nastavec-na-putter/
http://www.vsenagolf.cz/obchod/golfove-micky/svitici-golfove-micky-flash-baleni-2ks/
http://www.vsenagolf.cz/obchod/vybaveni-na-trenink/longridge-nastavec-na-putter-na-sbirani-micku/
http://www.vsenagolf.cz/obchod/golfove-vybaveni-a-doplnky/magneticka-markovatka-na-putter/
http://www.wooden-toys.cz/drevene-postavicky/kravicka-cerna-na-pruzine
http://www.wooden-toys.cz/hracky-na-koleckach/krokodyl-na-pastelky
http://www.wooden-toys.cz/drevene-postavicky/ferda-mravenec-na-pruzine
http://www.wooden-toys.cz/reklamni-predmety/pokladnicka-hroch
http://www.wooden-toys.cz/reklamni-predmety/dreveny-stojanek
https://www.profi-dj.cz/dj-technika/pujcovna-techniky/
https://www.profi-dj.cz/dj-technika/prislusenstvi-pro-dje/technikou-proti-covid-19/adam-hall-accessories-58068-eng/
https://www.lightz.one/headlight-lens-covers-skoda/skoda-superb-b6-13-15/
https://www.lightz.one/h7/h7-12v-55w-px26d-cool-blue-intense-osram/
https://www.lightz.one/lepidla-na-svetla/samoinstalacni-sada--tmel/
https://www.lightz.one/headlight-lens-covers-skoda/skoda-superb-b6-08-12/
https://www.lightz.one/bmw-bmw-1-series/bocni-led-blinkr-do-zrcatek-bmw-1--2--3--4--x1--kourovy/
https://www.mimifashion.cz/katalog/menu/pece/dudliky-a-kousatka/silikonove-dudliky/produkt/dudliky-wild-soul-zelenkava-2ks
https://www.mimifashion.cz/katalog/menu/pece/koupani/hygienicke-potreby/produkt/silikonovy-ruzovy-koupelovy-kartac
https://www.mimifashion.cz/katalog/menu/pece/dudliky-a-kousatka/silikonove-dudliky/produkt/dudliky-wild-soul-ruzova-2ks
https://www.mimifashion.cz/katalog/menu/pece/dudliky-a-kousatka/silikonove-dudliky/produkt/dudliky-ruzova-wild-soul-0-2m-2ks
https://www.mimifashion.cz/katalog/menu/pece/dudliky-a-kousatka/silikonove-dudliky/produkt/dudliky-zelenkava-wild-soul-0-2m-2ks
http://www.bosobotka.cz/boticky/livie-luca-sailor-vintage-blue-sandalky-vel-24/
http://www.bosobotka.cz/boticky/froddo-g2110069-3-dark-brown-zimni-boty-vel-25-30/
http://www.bosobotka.cz/boticky/livie-luca-north-navy-boty-vel-25--32/
http://www.bosobotka.cz/boticky/beda-barefoot-bf-060010-ba-cerveny-puntik-vel-26-30/
http://www.bosobotka.cz/boticky/livie-luca-zebra-blue-vel-21/
https://www.abstore.cz/plakatovy-klapram-a1-profil-25-mm-ostry-roh
https://www.abstore.cz/detska-rostouci-skolni-zidle---modra
https://www.abstore.cz/nadoba-varnice-na-prepravu-jidla-10-l-s-kohoutkem
https://www.abstore.cz/kancelarska-zidle-calypso-xl-stavitelny-podhlavnik-modra
https://www.abstore.cz/odpadkovy-kos-prima-linea-50-l-zeleny
https://egadgets.cz/produkt/6-samolepici-lampicka-3-led-stribrna
https://egadgets.cz/produkt/122-dekorativni-nalepka-na-zed-praise-god
https://egadgets.cz/produkt/1038-derovane-bryle-pro-zlepseni-zraku
https://egadgets.cz/produkt/3092-falesny-kamen
https://egadgets.cz/produkt/3094-zubni-drzak-kartacku-bila
https://mojenaramky.cz/naramky/25-naramek-arexis.html
https://mojenaramky.cz/naramky/10-naramek-nexus.html
https://mojenaramky.cz/naramky/49-naramek-kavarna.html
https://radostnedarky.cz/zbozi/1833-solight-alkohol-tester-profi-0-0-3-0-bac-citlivost-0-1-barevny-displej-automaticke-cisteni
https://radostnedarky.cz/zbozi/3771-solight-led-reflektor-pro-30w-2550lm-5000k-ip65
https://radostnedarky.cz/zbozi/3372-solight-prodluzovaci-privod-ip44-4-zasuvky-vypinac-venkovni-3m
https://radostnedarky.cz/zbozi/5475-syma-s107h-phantom-ultra-odolny-vrtulnik-s-barometrem-zluty
https://radostnedarky.cz/zbozi/2694-solight-stropni-osvetleni-prachotesne-g13-pro-2x-120cm-led-trubice-ip65-127cm
https://shop.abel.cz/sitove-prvky/prislusenstvi-k-pdu-ats-kvm-switchum/
https://www.vseprolyze.cz/7138-rossignol-react-r6-compact-xpress-xpress-11-gw.html
https://www.vseprolyze.cz/8765-rossignol-delta-sport-skating-ifp-binding-ano.html
https://www.papirnictvidaubner.cz/detail/159083/certifikovane-antigenni-rychlotesty-na-covid-19-ze-slin.html
https://www.papirnictvidaubner.cz/detail/154559/126002-chirurgicka-rouska-3vrstve-bile-5x10-ks-tork-baleni-50-ks.html
https://www.papirnictvidaubner.cz/detail/154560/lekarske-rousky-3vrstve-bile-50-ks-tork-baleni-50-ks.html
https://www.papirnictvidaubner.cz/detail/28602/krouzkovy-poradac-s-pruhlednymi-kapsami-modra-4-d-krouzky-50-mm-a4-pp-esselte.html
https://www.papirnictvidaubner.cz/detail/30377/esselte-poradac-a4-krouzkovy-celoplastovy-2-krouzek-42-cm-modra.html
https://www.trendyhodinky.cz/panske-hodinky-tommy-hilfiger/hodinky-tommy-hilfiger-model-trent-1791137/
https://www.trendyhodinky.cz/sperky-nahrdelniky/damsky-nahrdelnik-michael-kors-mkj3771710/
https://www.trendyhodinky.cz/damske-hodinky-dkny/hodinky-dkny-model-soho-ny2361/
https://www.trendyhodinky.cz/panske-hodinky/hodinky-calvin-klein-model-minimal-k3m21123/
https://www.trendyhodinky.cz/panske-hodinky/hodinky-calvin-klein-model-minimal-k3m211y6/
https://www.nejleginy.cz/luxusni-teplakova-souprava-makadamia-m629-svetle-bezova
https://www.nejleginy.cz/tanga-victorias-secret-no-show-fluorescent-pink
https://www.nejleginy.cz/luxusni-teplakova-souprava-makadamia-m668-svetle-bezova
https://www.nejleginy.cz/luxusni-teplakova-souprava-makadamia-m668-cerna
https://www.nejleginy.cz/luxusni-teplakova-souprava-numinou-nu341-svetle-bezova
http://www.ecolove.cz/shop-item/detail/cerna-protiskluzova-podlozka-do-vany-nebo-sprchy
http://www.ecolove.cz/shop-item/detail/bambusove-psanicko-s-petrolejovou-plsti
http://www.ecolove.cz/shop-item/detail/konjakova-houbicka-s-cervenym-francouzskym-jilem
http://www.ecolove.cz/shop-item/detail/rucni-holici-strojek-s-bambusovou-rukojeti
http://www.ecolove.cz/shop-item/detail/koupelova-konjakova-houbicka-pro-nejmensi
https://www.parys.cz/angling-pursuits-navijak-carp-runner-camo-60-druhy-zdarma-p148567/
https://www.parys.cz/zfish-combo-2-x-prut-kingstone-telecarp-3-6-m-3-5-lb-pouzdro-zdarma-p100533/
https://www.parys.cz/okuma-navijak-custom-black-cb-60-akcni-set-2-ks-p143199/
https://www.parys.cz/okuma-navijak-longbow-xt-baitfeeder-lbxt-655-druhy-zdarma-p93049/
https://www.parys.cz/anaconda-prut-magist-telecarp-3-6-m-3-5-lb-druhy-zdarma-vlasec-zdarma-p127375/
https://www.elmepo.cz/elmepo/eshop/0/0/5/449-Zadni-svetlo-prave-Aspock-Multipoint-II-Pongratz
https://www.elmepo.cz/elmepo/eshop/0/0/5/206-Operne-kolecko-prumer-trubky-48mm-Winterhoff
https://www.elmepo.cz/elmepo/eshop/0/0/5/350-Tazna-spojka-kloub-privesu-hranata-50mm-800kg
https://www.elmepo.cz/elmepo/eshop/0/0/5/438-AL-KO-Blatnik-na-privesny-vozik-plast-L-P-140mm-8-palcu
https://www.elmepo.cz/elmepo/eshop/0/0/5/448-Zadni-svetlo-leve-Aspock-Multipoint-II-Pongratz
https://www.noplanaria.cz/
https://www.noplanaria.cz/#
https://www.noplanaria.cz/#customerLogin
https://www.noplanaria.cz/no-planaria/
https://www.noplanaria.cz/no-planaria/odmerka/
https://www.film-game.cz/bravely-default-ii-switch--1240254.html
https://www.film-game.cz/12-let-v-retezech-blu-ray--0931912.html
https://www.film-game.cz/a-plague-tale-innocence-xbox-one--3610582.html
https://www.film-game.cz/darkove-predmety/vlastnosti-pouzdranatelefony/
https://www.film-game.cz/wishlist/
http://www.supshop.cz/objednani-servisu-na-prodejnu-opava-kasarenska-4./
http://www.supshop.cz/vyprodej-gu-roctane-drink-65-g-tropical-fruit-1-sacek-baleni-10ks/
http://www.supshop.cz/pro-predstavec-hi-compm-ahead-110mm-31-8mm-karbon/
http://www.supshop.cz/shimano-nexus-3-rychl-naba-36der-s-protislapnou-brzdou/
http://www.supshop.cz/finish-line-pedal-and-cleat-lubricant-5oz-150ml-sprej/
https://www.pc4home.cz/detail/Epson-WorkForce-Pro-WFC5790DWF4800x1200dpi3434/505419?zoneId=
https://www.pc4home.cz/detail/BELKIN-Nabijeci-stanice-10x-USB-24A/511533?zoneId=
https://www.pc4home.cz/detail/ASUS-Vivo-AIO-V161GART-156Touch-screenN40204GB128GBW10Home-Black/660934?zoneId=
https://www.pc4home.cz/detail/Epson-L3150-A4-WiFi-33ppm-5760-x-1440-WiFi/535720?zoneId=
https://www.pc4home.cz/detail/ASUS-Vivo-AIO-V161GART-156Touch-screenN40204GB-128GBbez-OS-Black/660933?zoneId=
https://www.bscom.cz/bluetooth-reproduktor-jbl-go-3_d1146499/
https://www.bscom.cz/tablet-lenovo-yoga-smart-tab-4-64gb-lte-za530005cz_d952678/
https://www.bscom.cz/tablet-samsung-galaxy-tab-a7-10-4-lte-stribrna-sm-t505nzsaeue_d1099385/
https://www.bscom.cz/sada-nozu-star-wars-x-wing-set-5-nozu-s-podstavcem_d1130043/
https://www.bscom.cz/gamepad-sony-ps4-dualshock-4-v2_d1142634/
https://www.empikfoto.cz/panelfotografii/do-dokladu?paper=35&format=56&startAk=6FJqfr1ibVtjEYtSXHeHbTVJ
https://www.empikfoto.cz/plakat,jednoduse-cerny-ramecek?druh-papiru=fotograficky&rozmery=20x30
https://www.empikfoto.cz/panelfotografii/velke-fotografie?paper=36&format=46&startAk=18QKj2NbqCfPWR458i49MeXs
https://www.empikfoto.cz/panelfotografii/do-dokladu?paper=35&format=56&startAk=zJxPGTwM5K9cQzwEKmgZokum
https://www.empikfoto.cz/panelfotografii/bezne-fotografie?paper=34&format=43&startAk=Eifx5JjEr6w762MjfTqabHRR
https://www.sperky.cz/sperky/lampglas-puvabny-nahrdelnik-pastel-dream-s-ryzim-stribrem-v-perlach-lampglas-nro8.html
https://www.sperky.cz/sperky/beneto-nezne-stribrne-nausnice-s-cirymi-zirkony-andelska-kridla-agup2092.html
https://www.sperky.cz/sperky/boccia-titanium-zvyhodnena-titanova-sada-s-perlickami-privesek-nausnice.html
https://www.sperky.cz/sperky/troli-prostorna-moderni-sperkovnice-se-zrcatkem-vjbb001-white.html
https://www.sperky.cz/sperky/beneto-ruzove-pozlaceny-stribrny-nahrdelnik-se-srdcem-ags289-47-rose-retizek-privesek.html
https://www.woodtoys.cz/hracka/mini-chemicka-sada-rostouci-krystaly-zelene/
https://www.woodtoys.cz/hracka/mini-chemicka-sada-rostouci-krystaly-cervene/
https://www.woodtoys.cz/hracka/barbi-model-ken-s-bundou-grb88-tv-1-4-30-6-2021/
https://www.woodtoys.cz/hracka/ambulance-rychle-osobni-vozdilo/
https://www.woodtoys.cz/hracka/bestway-detske-plovouci-sedatko/
https://airvans.cz/vzduchove-perovani/vzduchove-perovani-volkswagen/crafter-2006-2019/vzduchove-perovani-volkswagen-crafter-2019-333.html
https://airvans.cz/vzduchove-perovani/vzduchove-perovani-iveco/vzduchove-perovani-iveco-daily-2006-6t-72t-392.html
https://airvans.cz/vzduchove-perovani/vzduchove-perovani-man-tge/vzduchove-perovani-man-tge-2018-375.html
https://airvans.cz/vzduchove-perovani/vzduchove-perovani-volkswagen/crafter-2006-2019/vzduchove-perovani-volkswagen-crafter-2012-310.html
https://airvans.cz/vzduchove-perovani/vzduchove-perovani-citroen/vzduchove-perovani-citroen-jumper-2011-147.html
https://www.jannyst.cz/KLICENI-SEMEN-PRO-ZDRAVI-E-KNIHA-d163.htm
https://www.jannyst.cz/POZNAMKOVE-PAPIRY-DO-DIARE-HAPPY-PLANNER-CLASSIC-HALF-SHEET-FILL-PAPER-EXPENSE-TRACKER-d17.htm
https://www.jannyst.cz/PENAL-HAPPY-PLANNER-MULTI-DOTS-d149.htm
https://www.jannyst.cz/POZNAMKOVE-PAPIRY-DO-DIARE-HAPPY-PLANNER-CLASSIC-FULL-SHEET-FILL-PAPER-GRAPH-d22.htm
https://www.jannyst.cz/SAMOLEPKY-HAPPY-PLANNER-EVERYDAY-REMINDERS-d101.htm
https://www.paulbrunton.cz/Zapisky-Paula-Bruntona-Svazek-2-Hledani-d50.htm
https://www.paulbrunton.cz/MEDITACE-NA-HADI-STEZKU-A-NA-SLUNCE-d63.htm
https://www.paulbrunton.cz/Zapisky-Paula-Bruntona-Svazek-4-2-Telo-d54.htm
https://www.paulbrunton.cz/Zapisky-Paula-Bruntona-Svazek-7-Uzdravovani-sebe-sama-Negativa-d58.htm
https://www.paulbrunton.cz/Paul-Brunton-Poselstvi-z-Arunacaly-d75.htm
https://www.primaveterinaeshop.cz/Bayer-Foresto-obojek-pro-psy-nad-8kg-70cm-d9.htm
https://www.primaveterinaeshop.cz/Annamaet-Grain-Free-Feline-Chicken-Fish-5-44-kg-d1860.htm
https://www.primaveterinaeshop.cz/Eukanuba-Dermatosis-12-kg-d455.htm
https://www.primaveterinaeshop.cz/Flexadin-Advanced-60tbl-d2023.htm
https://www.primaveterinaeshop.cz/Annamaet-Grain-Free-Feline-Chicken-Fish-1-81-kg-d1859.htm
https://www.fotbalove-dresy.cz/fotbalovy-dres-komplet-legea-londra-cerveny
https://www.fotbalove-dresy.cz/fotbalovy-mic-adidas-finale-istanbul-pro
https://www.fotbalove-dresy.cz/stulpny-adidas-3-stripe-stirrup-modre
https://www.fotbalove-dresy.cz/tymovy-set-souprav-adidas-core18-detsky-cerveny
https://www.fotbalove-dresy.cz/fotbalovy-dres-komplet-legea-cartagena-zeleny
https://www.rawstore.cz/raw-proteiny/raw-hrachovy-protein-jahodovy-vzorek/
https://www.rawstore.cz/raw-proteiny/hrachovy-protein-vanilkovy/
https://www.rawstore.cz/raw-proteiny/hrachovy-protein-cokoladovy/
https://www.rawstore.cz/vitaminy/vitamin-code-perfect-weight-multivitamin/
https://www.rawstore.cz/ocistne-kury/immune-balance-gluten-free-support/
https://www.timex-hodinky.com/kozeny-reminek-pebro-20-mm-pebro-035/
https://www.timex-hodinky.com/roamer-210633412520/
https://www.timex-hodinky.com/roamer-508293471505/
https://www.timex-hodinky.com/kozeny-reminek-pebro-20-mm-pebro-101/
https://www.timex-hodinky.com/casio-sheen-she-3502bd-8a/
https://www.robex-dk.cz/index.php?category=11&subcategory=50
https://www.robex-dk.cz/index.php?category=10&subcategory=37
https://www.robex-dk.cz/index.php?category=10&subcategory=84
https://www.robex-dk.cz/index.php?category=14&subcategory=73
https://www.robex-dk.cz/index.php?category=10&subcategory=10
https://www.tasky-batohy.cz/lagend-penezenky-dlouhe/penezenka-damska-dlouha/
https://www.tasky-batohy.cz/lagen/penezenka-kozena-panska/
https://www.tasky-batohy.cz/lagen/kabelka-textilni-damska/
https://www.tasky-batohy.cz/lagen-batohy/batoh-hneda-modra-brn/
https://www.tasky-batohy.cz/lagenm-penezenky-vyska/penezenka-panska-v-28-t/
https://www.botanikplzen.cz/p/zeleny-caj-jarni-cas-sacek-70g-velikonoce
https://www.botanikplzen.cz/p/caj-tady-roste-radost-bylinny-porcovany
https://www.botanikplzen.cz/p/caj-peceny-ze-sumavy-jablko-se-skorici
https://www.botanikplzen.cz/p/caj-rakytnikovy-pozitek-bio-porcovany
https://www.botanikplzen.cz/p/sirup-dobromysl-a-echinacea-05-l
http://powerkiteshop.cz/cvicni-draci/10-kite-cvicny-drak-hq-symphony-beach-iii.html?search_query=HQ+symphony+III++&results=3
http://powerkiteshop.cz/komorovy-draci/33-kite-hq-montana-ix.html
http://powerkiteshop.cz/komorovy-draci/31-kite-aeros-alti.html
http://powerkiteshop.cz/komorovy-draci/32-kite-hq-zeekai.html
http://powerkiteshop.cz/search?controller=search&orderby=position&orderway=desc&search_query=Addict+A+Ball&submit_search=
https://www.casfitness.cz/Flamingo-mandlovy-krem-250g-almond-white-choco-coconut-d1696569.htm
https://www.casfitness.cz/Carnitin-60000-Synephrine-500ml-zluta-malina-d728884.htm
https://www.casfitness.cz/Casfitness-Esencialni-mastne-kyseliny-omega-3-Plus-Compressed-Caps-120-kapsli-d728996.htm
https://www.casfitness.cz/TT-MAXX-90-Piperine-90-kapsli-d731181.htm
https://www.casfitness.cz/100-Anabol-30-ampuli-a25ml-d728243.htm
https://www.nejlevnejsioop.cz/kladky-vystupove-blokanty/kladka-blokovaci-2/
https://www.nejlevnejsioop.cz/helmy-rukavice/strato-hi-viz-zluta/
https://www.nejlevnejsioop.cz/camping-trekking/detska-celovka-tikkid/
https://www.nejlevnejsioop.cz/kladky-vystupove-blokanty/mini-kladka/
https://www.nejlevnejsioop.cz/helmy-rukavice/petzl-picchu-koralova/
https://www.mee-go.cz/trio-cestovni-kocarek-staroruzovy-423.html
https://www.mee-go.cz/epernay-postylka-452.html
https://www.mee-go.cz/trio-cestovni-kocarek-modry-422.html
https://www.mee-go.cz/venicechild-kangaroo-autosedacka-s-isofixovou-zakladnou-455.html
http://www.newblack.cz/nabytek-a-osvetleni/15-stojan-na-casopisy-news.html
http://www.newblack.cz/dacarr/32-cushion-diameter-70cm-for-large-dog-basket.html
http://www.newblack.cz/home/172-rucnik-organicka-bavlna.html
http://www.newblack.cz/home/167-kuchynska-uterka-hneda-pruhy.html
http://www.newblack.cz/dacarr/13-dacarr-kos-vice-velikosti.html
https://www.hobot.cz/hobot-dalkove-ovladani-298/
https://www.hobot.cz/hobot-uterky-zlute-3-ks-268-288-298/
https://www.hobot.cz/hobot-zasobnik-na-vodu-388/
https://www.hobot.cz/hobot-cistici-pripravek-na-sklo-250-ml/
https://www.hobot.cz/hobot-uterky-kulate-sede-12-ks-168-188/
https://www.motorhaus.cz/sada-k-prestavbe-jizdniho-kola-na-motokolo-sunway-49-ccm-4t/
https://www.motorhaus.cz/motokolo-sunway-4t/
https://www.motorhaus.cz/
https://www.shop4pets.cz/mal%C3%A9-schody-pro-psa-Doti-grafitov%C3%A9
https://www.shop4pets.cz/ochrana-gauce-lehatko-luzko-na-gauc-pohodli-pes-pejsek
https://www.shop4pets.cz/krmeni-rybicka-rybicky-akvarium-tetra-guppy
https://www.shop4pets.cz/mal%C3%A9-schody-pro-psa-Doti-b%C3%A9%C5%BEov%C3%A9
https://www.shop4pets.cz/tetramin-granule-rybicky-akvarko-akvarium
https://www.curokap.cz/curokap/curokap-2/
https://www.curokap.cz/curokap/curokap-3-sady/
https://www.curokap.cz/curokap/curokap-10-sad/
https://www.curokap.cz/curokap/curokap-5-sad--curokap-curokap/
https://www.e-myslivost.cz/myslivecke-doplnky/klicenky-toulecky-odznacky-povelky/stranka-1-24.html
https://www.e-myslivost.cz/detail/darky/darkove-balicky-soupravy-kosmetika/myslivecky-otvirak-na-lahve-s-motivem-divocaka.html
https://www.e-myslivost.cz/detail/darky/darkove-balicky-soupravy-kosmetika/sada-na-manikuru-a-pedikuru-s-motivem-divocaka.html
https://www.e-myslivost.cz/detail/myslivecke-doplnky/knihy-pro-myslivce/kniha-pro-myslivce-lovy-za-usvitu-dusan-porizka.html
https://www.e-myslivost.cz/detail/kynologie/elektronicke-vycvikove-obojky/elektronicky-vycvikovy-obojek-d-control-640.html
https://www.welly.cz/bburago-1-24-lamborghini-terzo-millennio-2019-green-code-bburago-21094-modely-aut
https://www.welly.cz/atlas-1-43-ferrari-portofino-2018-red-modely-aut
https://www.welly.cz/saico-bazar-sleva-1-32-wrc-59-ks-prodej-vzorkovny-saico-jen-assort-vcelku-model-auta
https://www.welly.cz/bburago-1-18-lamborghibi-sian-fkp-37-gold-code-bburago-11046-modely-aut
https://www.welly.cz/saico-bazar-sleva-1-32-okruhy-27-ks-prodej-vzorkovny-saico-jen-assort-vcelku
https://www.hydromasaznivany.cz/hydromasazni-vany/3414-hydromasazni-vana-awt-ge108-2e-190x90-s-drevenym-panelem-4420207015069.html
https://www.hydromasaznivany.cz/hydromasazni-vany/2695-hydromasazni-vana-mocoori-lotus-180x120x755cm-cerpadlo-vodavzduch-9231577111264.html
https://www.hydromasaznivany.cz/hydromasazni-vany/2667-hydromasazni-vana-mocoori-rosemary-turbo-prava-verze-170x120x755cm-8311577522262.html
https://www.hydromasaznivany.cz/hydromasazni-vany/1904-hydromasazni-vana-mocoori-violet-turbo-leva-verze-150x150x755cm-8711577517267.html
https://www.hydromasaznivany.cz/hydromasazni-vany/3172-hydromasazni-vana-mocoori-chester-200x90-cerpadlo-voda-vzduch-8681577247263.html
https://kovmat.cz/elementy/882-element-slim-12-x-6.html
https://kovmat.cz/ornamenty/184-ornament-or060.html
https://kovmat.cz/produkt/1312-vanocni-stojan-maurus-s-medenou-patinou.html
https://kovmat.cz/elementy/890-element-el02.html
https://kovmat.cz/ornamenty/128-ornament-or004.html
https://www.srncuvkram.cz/volkswagen/android-9-0-modul-pro-originalni-autoradio-mib-mibii/
https://www.srncuvkram.cz/autoradia-dle-znacky/srn-w07-oem-autoradio-vw-skoda-seat-gps/
https://www.srncuvkram.cz/volkswagen/oem-vw-autoradio-srn-px30-1-android-10/
https://www.srncuvkram.cz/skoda/oem-autoradio-fabia-iii-android/
https://www.srncuvkram.cz/skoda/oem-9--autoradio-skoda-superb-iii/
https://www.dekolepky.cz/nalepky-na-stenu-moderni-abstraktni-dlazdice.html
https://www.dekolepky.cz/samolepka-na-zed-a-dvere-se-jmenem-stefanie.html
https://www.dekolepky.cz/nalepka-na-stenu-obdelnicky-ctverecky.html
https://www.dekolepky.cz/abstrakce-v-kvetinach-1833.html
https://www.dekolepky.cz/samolepici-kvetiny-2644.html
https://www.autodoplnky-mh.cz/drzak-telefonu--s-grip-av-2--do-mrizky-klimatizace/
https://www.autodoplnky-mh.cz/drzak-telefonu-magneticky--s-grip-dashboard-dm7-/
https://www.autodoplnky-mh.cz/palubni-full-hd-kamera-s-displayem-magneticky-uchyt/
https://www.autodoplnky-mh.cz/balicek-s-autokosmetikou-ubrousky-na-vse-vune/
https://www.autodoplnky-mh.cz/balicek-s-autokosmetikou-umyte-a-rozmazlene-auto/
https://www.klikyfora.cz/stranky/eshop/42-1-Zamky-elektricke-otvirace/0/5/2572-Zamek-elektro-BEFO-PROFI-211211MB-FAB
https://www.klikyfora.cz/stranky/eshop/10-1-Vlozky-cylindricke-a-dverni/0/5/2730-Cylindricka-bezpecnostni-vlozka-STAR-70S-Ni-s-knoflikem
https://www.klikyfora.cz/stranky/eshop/29-1-Bezpecnostni-dverni-kovani/87-2-bez-krytu-vlozky/5/935-Dverni-kovani-ALT-WIEN-OCHRANNE-KOVANI-mosaz-kl-koule
https://www.klikyfora.cz/stranky/eshop/29-1-Bezpecnostni-dverni-kovani/88-2-s-krytem-vlozky/5/875-Bezpecnostni-kovani-VIKING-PLUS-hlinik-RC3-F1-klika-koule
https://www.klikyfora.cz/stranky/eshop/10-1-Vlozky-cylindricke-a-dverni/81-2-bezpecnostni-4-BT-nej-ochrana/5/738-Vlozka-cylindricka-bezpecnostni-s-knoflikem-FAB-1002-U4BDKN-Ni-ruzne-delky
https://www.prave-titanove-nadobi.cz/hranata-grilovaci-panev-28x28x7-5-cm-2-ucha-SKK-Titanium-2000-Plus-Non-Stick-d301.htm
https://www.prave-titanove-nadobi.cz/EXCELENT-plasma-titanova-panev-Harecker-24-cm-7-hluboka-viko-d922.htm
https://www.prave-titanove-nadobi.cz/premium-parni-sestava-BAF-GIGANT-28x28x10-titanovy-parak-d586.htm
https://www.prave-titanove-nadobi.cz/panev-panvica-BAF-Gigant-new-line-indukce-24x24-d508.htm
https://www.prave-titanove-nadobi.cz/EXCELENT-plasma-titanova-panev-Harecker-28x28x10-viko-d929.htm
https://www.isedacky.cz/dvoumistna-sedacka-aster/
https://www.bestonline.cz/produkt/microsoft-exchange-online-plan-2/
https://www.bestonline.cz/produkt/microsoft-exchange-online-plan-1/
https://www.bestonline.cz/produkt/microsoft-365-business-premium/
https://www.bestonline.cz/produkt/office-365-business-essentials/
https://www.bestonline.cz/produkt/microsoft-office-365-business-premium/
http://fairplayshop.cz/aquabot/200-aquabot-viva-top-access.html
http://fairplayshop.cz/decking-merbau-premium-25x145mm/32-merbau-p.html
http://fairplayshop.cz/aquabot/201-aquabot-bravo-top-access.html
http://fairplayshop.cz/190-ultrabot-magnum-junior.html
http://fairplayshop.cz/188-houpacka-z-teakoveho-dreva.html
https://eshop.lineatoscana.cz/SUPER-SPROUT-LYOFILIZOVANE-VYHONKY-OVOCE-A-ZELENINA-MRAZEM-VYSUSENE/307-Super-Sprout-LYOFILIZOVAN%C3%89-JABLKO-bio-150-g
https://eshop.lineatoscana.cz/Tasky-a-krabice-pro-darkove-baleni-s-motivem-oliv-Prima-Spremitura
https://eshop.lineatoscana.cz/PRIMA-SPREMITURA-PRIRODNI-KOSMETIKA-PRO-PECI-O-TELO-A-RUCE/90-Balz%C3%A1m-na-rty-Prima-Spremitura
https://eshop.lineatoscana.cz/PRODUKT-MESICE/374-Loov-lesn%C3%AD-malina-pr%C3%A1%C5%A1ek-171-g-bio-lyofilizovan%C3%A1-trvanlivost-12-2021-BEZ-CUKRU
https://eshop.lineatoscana.cz/SUPER-SPROUT-LYOFILIZOVANE-VYHONKY-OVOCE-A-ZELENINA-MRAZEM-VYSUSENE/155-Super-Sprout-LYOFILIZOVAN%C3%81-%C4%8CERVEN%C3%81-%C5%98EPA-100-%C4%8Dist%C3%A1-bio-150-g
https://jolen.eu/cs/zesvetlovace-chloupku/24-jolen-125ml-5060128982720.html
https://jolen.eu/cs/voskove-depilacni-pasky/32-jolen-face-wax-strips-depilacni-voskove-pasky-na-oblicej-5060128980566.html
https://jolen.eu/cs/zesvetlovace-chloupku/25-jolen-mild-125ml-5060128982720.html
https://jolen.eu/cs/zesvetlovace-chloupku/26-jolen-mild-30ml-5060128982737.html
https://jolen.eu/cs/zesvetlovace-chloupku/20-jolen-30ml-5060128982751.html
https://www.mikrosluchatka.cz/kabelova-indukcni-smycka-s-3w-zesilovacem
https://www.mikrosluchatka.cz/mikrosluchatko-standard
https://www.mikrosluchatka.cz/bluetooth-indukcni-smycka-s-35w-zesilovacem
https://www.mikrosluchatka.cz/mikrosluchatko-profi
https://www.mikrosluchatka.cz/baterie-energizer-do-mikrosluchatka
http://www.rohove-lavice.cz/stolova-sestava-helena-p-582.html
http://www.rohove-lavice.cz/rohova-lavice-sevilla-p-72.html
http://www.rohove-lavice.cz/stolova-sestava-boston-p-85.html
http://www.rohove-lavice.cz/rohova-lavice-dortmund-p-73.html
http://www.rohove-lavice.cz/iktus-postel-venuse-167x207cm-p-537.html
https://www.topgres.cz/produkt/topgres-bridlice-graphit-dlazba-300x600-mm/161
https://www.topgres.cz/produkt/mosaic-msm68sw-sklenena-mozaika-multimix-bila-300x300-mm/326
https://www.topgres.cz/produkt/topgres-zula-shivakashi-lesk-305x610-mm/429
https://www.topgres.cz/produkt/mosaic-msb62-mozaika-sklenena-bazenova-svetle-modrobila-327x327-mm/509
https://www.topgres.cz/produkt/eurostone-marmor-mix-mozaika-mramor-hnedokremova-305x305-mm/346
https://www.zcberoun.cz/rajce-tyckove-blumko-svestkove-30-semen/
https://www.zcberoun.cz/stevie-sladka-compact-sweet-12-semen/
https://www.zcberoun.cz/vysevni-substrat-supresivni-15l/
https://www.zcberoun.cz/paprika-smes-polinko-a-bananek-10-15-semen/
https://www.zcberoun.cz/bopon-zahradnicke-vapno-1kg/
https://www.ghoda.cz/mare-foal-and-youngstock-vitaminy-a-mineraly-pro-brezi-klisny-hribata-a-mlade-kone-d477/?var=911
https://www.ghoda.cz/prirodni-hojive-mleko-pro-kone-i-do-otevrenych-ran-naturliche-hautlotion-d424/?var=852
https://www.ghoda.cz/charline-aktivovane-uhli-medicinalni-uhli-pro-kone-pelety-d403/?var=820
https://www.ghoda.cz/gel-na-svedeni-a-regeneraci-kuze-5-v-jednom-nejen-pro-muchare-schubber-gel-d727/?var=1315
https://www.ghoda.cz/general-supplement-kompletni-vitaminovo-mineralni-krmny-doplnek-pro-kone-d478/?var=912
https://www.mpmobility.cz/Toshiba-microSDXC-Class-10-128GB-Exceria-M302-UHS-I-Bulik-d1703.htm
https://www.mpmobility.cz/Dat-Kabel-pro-iPhone-5-6-7-iPad-mini-original-bulk-d709.htm
https://www.mpmobility.cz/SWISSTEN-SITOVA-NABIJECKA-MICRO-USB-1A-POWER-CERNA-d1588.htm
https://www.mpmobility.cz/Bezdratova-nabijecka-Compatible-2A-kabel-micro-USB
https://www.mpmobility.cz/Bezdratova-nabijecka-Compatible-2A-kabel-micro-USB-1
https://www.nastennehodiny.net/Kryt-hodinoveho-strojku-quartz-chrom-d63.htm
https://www.nastennehodiny.net/Hodinovy-strojek-UTS-11-mm-zvyseny-kroutici-moment-d9.htm
https://www.nastennehodiny.net/Kyvadlovy-hodinovy-strojek-UTS-17-mm-DCF-d65.htm
https://www.nastennehodiny.net/Hodinovy-strojek-UTS-16-2-mm-zvyseny-kroutici-moment-d7.htm
https://www.nastennehodiny.net/Kyvadlovy-hodinovy-strojek-UTS-16-2-mm-d100.htm
https://www.copoly.cz/bandaze-copoly-10-cm/set-bandazi-copoly-mh-10-cm-dle-vaseho-prani/
https://www.copoly.cz/bandaze-copoly-7-5-cm/set-bandazi-copoly-mh-7-5-cm-dle-vaseho-prani/
https://www.copoly.cz/bandaze-copoly-5-cm/set-bandazi-copoly-mh-5-x-450-cm-dle-vaseho-prani/
http://kovani.e-shoper.net/data/produkty/produkt-detail.php?page=produkt-detail&id=2487&name=Mont%E1%9En%ED%20%9Aablona
http://kovani.e-shoper.net/data/produkty/produkt-detail.php?page=produkt-detail&id=2715&name=Sekera%20Premium%20HULT%20%9At%EDpac%ED%20900g
http://kovani.e-shoper.net/data/produkty/produkt-detail.php?page=produkt-detail&id=2753&name=Sekera%20ARVIKA%205%20star%202000g%208F-2.0
http://kovani.e-shoper.net/data/produkty/produkt-detail.php?page=produkt-detail&id=2720&name=Sekera%20%9At%EDpac%ED%20AGDOR%20900g
http://kovani.e-shoper.net/data/produkty/produkt-detail.php?page=produkt-detail&id=2716&name=Sekera%20Premium%20HULTAN%20outdoorov%E1%20500%20g
https://www.svet-trampolin.cz/joysbio-tianjin-biotechnology-co.-ltd.-sars-cov-2-antigen-rapid-test-kit-colloidal-gold-20-ks/
https://www.svet-trampolin.cz/aga-kloboucek-universal-na-vnitrni-sit-s-kruhem-black/
https://www.svet-trampolin.cz/r-sport-detska-trikolova-kolobezka-5v1-s-led-kolecky-h3-green/
https://www.svet-trampolin.cz/aga-penova-ochrana-na-trampolinove-tyce-mirelon-45-cm-blue/
https://www.svet-trampolin.cz/aga-sport-fit-trampolina-305-cm-orange-vnitrni-ochranna-sit/
https://www.luxoria.cz/damska-klasicka-kosile-model-27980/
https://www.luxoria.cz/damska-polstrovana-podprsenka-model-62107/
https://www.luxoria.cz/damska-kosile-s-dlouhym-rukavem-model-78116/
https://www.luxoria.cz/damske-bokove-kalhotky-s-pohodlnymi-sirokymi-boky/
https://www.luxoria.cz/damske-spolecenske-saty-model-126931/
https://www.krmivo-pes.cz/psi/granule/aatu-dog-80-20-chicken-1-5kg-doprava-zdarma/
https://www.krmivo-pes.cz/psi/granule/petkult-dog-mini-adult-lamb-rice-2kg-dentalni-pamlsek-minikartacek-3ks/
https://www.krmivo-pes.cz/psi/hracky/hracka-pes-kachna-plys-ferdinand-36cm-kar-1ks/
https://www.krmivo-pes.cz/neco-pro-panicky/dezinfekce-a-myci-prostredky/batisept-500ml-mydlo-pro-dezinfekci-rukou-a-kuze/
https://www.krmivo-pes.cz/psi/granule/primordial-gf-puppy-chicken-seafish-12kg-vip-kupon-80kc/
https://www.planetabaterii.cz/prod-887-kompletni-rotor-pro-vrtulnik-tt8008-vcetne-ovladani-spodni-rotoru-a-ozubeni/
https://www.planetabaterii.cz/prod-129-59021--main-wing-set-pitts-art-tech-hlavni-kridla/
https://www.planetabaterii.cz/prod-88076-vodotesny-miracle-crawler-do-vody-blata-a-snehu-cerveny/
https://www.planetabaterii.cz/prod-920-848-12--vrchni-cast-tela-modelu-pro-model-vulture-848-a-848b/
https://www.planetabaterii.cz/prod-1329-stejnosmerny-motor-540-pro-modely-hsp-a-hbx/
https://www.madhava.cz/ghee/ghi-precistene-maslo-z-biochovu-600g-720ml/
https://www.madhava.cz/ghee/ghi--maslo-ze-zakysane-smetany--z-biochovu--340g-420ml/
https://www.madhava.cz/ghee/ghi-precistene-maslo-340g-420ml-2/
https://www.madhava.cz/ghee/ghi-precistene-maslo-z-biochovu-250g-330ml/
https://www.madhava.cz/ghee/ghi-precistene-maslo-1450g-1700ml/
https://www.marlen.cz/bavlna-smes-pletaci-prize-marlen-ruzovy-melir
https://www.marlen.cz/poradna/objednavkovy-system
https://www.marlen.cz/kostymova-latka-chanel-art-fabrics-tyrkysova
https://www.marlen.cz/efektni-vlnena-prize-marlen-nestejne-sily-fialovomodra
https://www.marlen.cz/kostymova-latka-art-fabrics-melir-staroruzova
https://www.membatpneu.cz/215-70-r15-c-109-107-s-tough-m-s-membat
https://www.membatpneu.cz/195-65-r16c-104-102t-icebraker-m-s-membat
https://www.membatpneu.cz/195-70-r15c-104-102s-icebraker-m-s-membat
https://www.membatpneu.cz/215-65-r16c-109-107t-icebraker-m-s-membat
https://www.membatpneu.cz/225-55-r16-99h-xl-flake-ii-membat
https://www.smartamenities.cz/radiatorove-hlavice/popp-010101/
https://www.smartamenities.cz/elektroinstalace/goaezmnhad1/
https://www.smartamenities.cz/elektroinstalace/goaezmnhdd1/
https://www.smartamenities.cz/elektroinstalace/goaezmnhcd1/
https://www.smartamenities.cz/senzory-a-detektory/aeon_zwa005/
https://www.kandoo.cz/ruzovy-elegantni-vystrelovaci-damsky-holovy-destnik-sable
https://www.kandoo.cz/zeleny-duhovy-automaticky-skladaci-damsky-destnik-deeann
https://www.kandoo.cz/zluta-dvouzipova-damska-kufrikova-kabelka-do-ruky-berenice
https://www.kandoo.cz/cervenooranzovy-damsky-modni-satek-s-motivem-kvetin-viollette
https://www.kandoo.cz/tmave-cervena-damska-kabelka-do-ruky-i-pres-rameno-ophelia
https://www.peaksport.cz/damska-vesta-kilpi-gironavest-i4112/
https://www.peaksport.cz/damska-bunda-kilpi-asimetrix-i4211/
https://www.peaksport.cz/batoh-ferrino-finisterre-38-new-i4426/
https://www.peaksport.cz/batoh-osprey-rapto-ll-10l-wildfire-red-i4451/
https://www.peaksport.cz/rezervoar-osprey-hydraulics-2-5l-i4450/
https://www.sladkostilevne.cz/Bonboniera-Vergani-Il-Fondente-215g-d592.htm
https://www.sladkostilevne.cz/Heidi-Mlecna-cokolada-Rum-Vlasske-orechy-90g-d61.htm
https://www.sladkostilevne.cz/Bonboniera-Chocolady-Latteccino-150g-d549.htm
https://www.sladkostilevne.cz/Bonboniera-Elit-Gourmet-Collection-Ruby-160g-d594.htm
https://www.sladkostilevne.cz/Bonboniera-Orion-Modre-z-nebe-Cokoladova-fantazie-173g-d576.htm
https://www.sexystore.cz/spolecenska-obuv-na-podpatku/bile-svatebni-sandalky-na-podpatku-a-platforme-lumina-29-ivsa/
https://www.sexystore.cz/boty-obuv-na-podpatku-s-platformou/cocktail-509-b-m-cerne-sexy-boty-na-podpatku-a-nizke-platforme/
https://www.sexystore.cz/boty-damske-lodicky-na-podpatku/pleasure-02g-spgpt-stribrne-perletove-damske-lodicky-na-podpatku/
https://www.sexystore.cz/boty-damske-lodicky-na-podpatku/violette-12g-pur-purpurove-damske-lodicky-na-strednim-podpatku/
https://www.sexystore.cz/boty-damske-lodicky-na-podpatku/bezove-klasicke-lodicky-na-jehlovem-podpatku-classique-20-nd/
https://www.domotechna.cz/univerzalni-termoclanky/univerzalni-termoclanek-900-mm/
https://www.domotechna.cz/univerzalni-termoclanky/univerzalni-termoclanek-1200-mm/
https://www.domotechna.cz/ohrivace-vody-plynove/po-turbo-23/
https://www.domotechna.cz/topidla-plynova/vafky-471-te--elektronik/
https://www.domotechna.cz/topidla-plynova/vafky-4-7-te--elektronik/
https://www.sportecshop.cz/midlayer-1-2-zip-millennium-element-3/
https://www.sportecshop.cz/bl-top-turtle-neck-l-s-half-zip-active-warm-eco-3/
https://www.sportecshop.cz/pants-3-4-evolution-warm-muscle-force/
https://www.sportecshop.cz/bl-top-turtle-neck-l-s-half-zip-natural-100--merino-warm/
https://www.sportecshop.cz/shorts-zeroweight-water-resistant-2/
https://www.slovackamostarna.cz/darkovy-balicek-pro-milovniky-vina/
https://www.slovackamostarna.cz/vinne-telove-mleko-frankovka-rose/
https://www.slovackamostarna.cz/vinny-sprchovy-gel-frankovka-rose/
https://www.slovackamostarna.cz/hroznove-mydlo-s-mandlovym-olejem/
https://www.slovackamostarna.cz/darkova-sada-vinne-kosmetiky-s-vuni-hroznu/
https://www.x-detailing.cz/susici-rucniky-a-mikrovlaknove-uterky-2/auto-finesse-white-microfiber-cloth-mikrovlaknova-uterka-40x40-cm/
https://www.x-detailing.cz/cistice-interieru/angelwax-absolution-carpet-upholstery-500-ml-cistic-intereru/
https://www.x-detailing.cz/susici-rucniky-a-mikrovlaknove-uterky-2/auto-finesse-microfiber-applicator-mikrovlaknovy-aplikator/
https://www.x-detailing.cz/osetreni-interieru/angelwax-angel-interior-dressing-500-ml-impregnace-interierovych-plastu/
https://www.x-detailing.cz/cistic-kol/auto-finesse-iron-out-contamination-remover-odstranovac-poletave-rzi-2/
https://www.party-karneval.cz/zertiky-ptakoviny-darecky-hry/
https://www.party-karneval.cz/p/detsky-kostym-cervena-karkulka-levne/
https://www.party-karneval.cz/p/perova-andelska-kridla-55x45-cm-pdsk7008/
https://www.party-karneval.cz/p/podkolenky-klaun-pruhovane-sf24153x/
https://www.party-karneval.cz/vtipne-tricka-cedulky-certifikaty/
https://zlepsovak.cz/cs/pouzdra-a-krabicky/649-hlinikove-pouzdro-edcgear-10cm.html
https://zlepsovak.cz/cs/pouzdra-a-krabicky/636-hlinikove-pouzdro-na-karty-velke.html
https://zlepsovak.cz/cs/pouzdra-a-krabicky/688-edcgear-hlinikova-kpz-90mm.html
https://www.darek1.cz/prod-2053882-prakticka-pomucka-na-otevirani-sklenic-modra/
https://www.darek1.cz/prod-397123-luxusni-kulata-dvoustenna-sklenicka-na-napoje-bulbus-darkova-sada-2ks/
https://www.darek1.cz/prod-1116605-lzicka-s-praktickym-uzavrenim-sacku-cerna/
https://www.darek1.cz/prod-323446-stylovy-kos-na-pradlo-wash--dry--fold--repeat/
https://www.darek1.cz/prod-2046328-naramek-s-prostorem-na-dezinfekcni-gel-ruzova/
https://www.rommar.cz/milwaukee-m18nrg-503-sada-baterek-s-nabijeckou/
https://www.rommar.cz/grass-mosquitos-cleaner-1l-odstraneni-zbytku-hmyzu/
https://www.rommar.cz/milwaukee-ochranne-pracovni-bryle-premium-tonovane-konec-cervence-2020/
https://www.rommar.cz/ryobi-ry36lmx51a-160-aku-sekacka-se-zaberem-51cm/
https://www.rommar.cz/hybrid-solutions-keramicka-lestenka-a-vosk/
https://www.naradim.cz/produkt/25654-filtr-vzduchovy-pro-kompresor-hc-550-tc-scheppach
https://www.naradim.cz/produkt/25649-kukla-svareci-samostmivaci-180-pruhled-total-tsp9101
https://www.naradim.cz/produkt/25651-papir-brusny-125mm-suchy-zip-8x-otvor-10ks-extol-premium-p60
https://www.naradim.cz/produkt/25646-sada-jehlovych-diamantovych-pilniku-10ks-festa
https://www.naradim.cz/produkt/25655-zvedak-hydraulicky-pojizdny-3t-145-500mm-gude-grh-3-500-q
https://www.levneposuvky.cz/levneposuvky/eshop/13-1-Dvere-oteviraci-pantove/0/5/705-Dvere-plne-hladke-Javor
https://www.levneposuvky.cz/levneposuvky/eshop/9-1-Pos-dve-CELOSKLENENE/63-2-Klasicke-posuvne-kovani/5/625-Sklo-Satinato
https://www.levneposuvky.cz/levneposuvky/eshop/17-1-DVOUKRIDLE-Posuvne-dvere/195-2-DOMINANTS-SKLO/5/1626-Dominants-Javor-Tandemos
https://www.levneposuvky.cz/levneposuvky/eshop/13-1-Dvere-oteviraci-pantove/0/5/1826-Dvere-Dominant-Seda-CPL
https://www.levneposuvky.cz/levneposuvky/eshop/17-1-DVOUKRIDLE-Posuvne-dvere/195-2-DOMINANTS-SKLO/5/1622-Dominants-Bile-Tandemos
https://www.obuvnadoma.cz/pantofle-3/damske-biopantofle-cervene/
https://www.obuvnadoma.cz/zateplene-clogsy-3/damske-zateplene-clogsy-texbase-fialova-fialova/
https://www.obuvnadoma.cz/panske_clogsy/panske-clogsy-texbase-cerna/
https://www.obuvnadoma.cz/clogsy/damske-clogsy-texbase-sv--seda-ruzova/
https://www.obuvnadoma.cz/detske_clogsy/detske-clogsy-texbase-mensi-modre/
https://www.4lol.cz/1131781-panska-paruka-piratsky-kapitan-captain-pirate
https://www.4lol.cz/1131458-damska-paruka-80-ta-leta-divoska-wild-child
https://www.4lol.cz/1136172-boa-perove-delux-90g-delka-180cm
https://www.4lol.cz/1138330-damsky-kostym-charlestn-flapper-zlaty-kratke-saty
https://www.4lol.cz/1128906-pansky-kostym-gangster-cerny-s-bilymi-prouzky
https://www.wobleryzusa.cz/believer--woblery/SAKURA-snura-SENSIBRAID-8X-0-35-mm-300-m-MULTICOLOR-d1018.htm
https://www.wobleryzusa.cz/believer--woblery/SAKURA-snura-SENSIBRAID-8X-0-08-mm-150-m-ZELENA-d1001.htm
https://www.wobleryzusa.cz/believer--woblery/IONIZER-Cast-28-150-g-244-cm-Extra-Extra-Heavy-1-dil-d503.htm
https://www.wobleryzusa.cz/believer--woblery/IONIZER-Spin-7-28-g-183-cm-Medium-Heavy-Verticale-1-dil-d607.htm
https://www.wobleryzusa.cz/believer--woblery/SAKURA-snura-SENSIBRAID-8X-0-08-mm-150-m-ZLUTOZELENA-d946.htm
https://www.doktorkladivo.cz/systemove-prislusenstvi-bosch-kabel-pro-kameru-s-vykonnou-led-9-5-mm-professional
https://www.doktorkladivo.cz/elektricka-skrabka-na-led-edi-4-karcher
https://www.doktorkladivo.cz/opticky-nivelacni-pristroj-bosch-gol-26-g-professional-2
https://www.doktorkladivo.cz/opticky-nivelacni-pristroj-bosch-gol-32-g-professional-2
https://www.doktorkladivo.cz/detektor-bosch-wallscanner-d-tect-120-professional
https://shopkolo.cz/elektrokolo-spirit-shopping2-trikolka-cerna-250w-36v-18ah/
https://shopkolo.cz/elektrokola/?pwb-brand-filter=leader-fox
https://shopkolo.cz/elektrokolo-spirit-joyce-28-cerna-integr-bat-13ah/
https://shopkolo.cz/elektrokolo-spirit-joyce-28-bila-integr-bat-13ah/
https://shopkolo.cz/lovelec-polaris-white-grey-13ah-mestske-elektrokolo/
http://www.moda62.eu/produkt/damske-kvetovane-saty-s-kapsami/
http://www.moda62.eu/produkt/damska-saty-34-rukavem-kulatym-vystrihem/
http://www.moda62.eu/produkt/6-paru-damskych-kotnikovych-ponozek-s-prodysnym-nartem/
http://www.moda62.eu/produkt/pruhovany-kardigan-s-kapsami-9-barevnych-kombinaci/
http://www.moda62.eu/produkt/damska-saty-netopyrimi-rukavy-kulatym-vystrihem/
https://www.mojekossy.cz/porta-pro/
https://www.mojekossy.cz/
https://www.mojekossy.cz/#main-product
https://www.mojekossy.cz/sporta-pro/koss-sporta-pro/
https://www.mojekossy.cz/blog/koss-porta-pro-wireless-legenda-v-modernim-provedeni/
https://www.cafemajadapraha.cz/darkove-sety-a-prezentacni-boxy/darkovy-papirovy-set-6x10-ptbhb-6/
https://www.cafemajadapraha.cz/darkove-baleni/darkovy-box-cafe-majada-2/
https://www.cafemajadapraha.cz/kavove-prislusenstvi/aeropress-go/
https://www.cafemajadapraha.cz/keepcup/keepcup-brew-cloudburst-227-ml/
https://www.cafemajadapraha.cz/kavove-prislusenstvi/hario-papirove-filtry-misarashi-v60-01-100-ks/
https://www.doktorbio.cz/green-coffee
https://www.doktorbio.cz/acai-extreme
https://www.doktorbio.cz/arganova-maska
https://www.doktorbio.cz/ruzova-voda
https://www.doktorbio.cz/chaga
https://www.monkeyliquid.cz/bacco-crack-tabak-se-susenkou-monkey-shake-vape-12ml/
https://www.monkeyliquid.cz/rouska-monkey-skladana-dvouvrstva/
https://www.monkeyliquid.cz/serzant-chesecake-s-jahodovo-malinovym-topingem/
https://www.monkeyliquid.cz/choco-bisquit-susenka-s-pralinkovymi-orisky/
https://www.monkeyliquid.cz/nuts-cream-liskooriskovy-krem-monkey-shake-vape-12ml/
https://www.huhuchilli.cz/svestkova-chilli-omacka-extrahot/
https://www.huhuchilli.cz/merunkova-chilli-omacka-extrahot/
https://www.huhuchilli.cz/rajcatova-chilli-omacka-extrahot/
https://www.huhuchilli.cz/fikovo-hruskova-chilli-omacka/
https://www.huhuchilli.cz/cibulove-chutney-s-cokoladou/
https://www.ortezy.info/tejpy-kinezio-tejp/temtex-kinesiotaping-startovaci-sada
https://www.ortezy.info/tejpy-kinezio-tejp/mcdavid-underwrap-bulk-pack-48ks-62341t-podklad-pod-tejp12
https://www.ortezy.info/tejpy-kinezio-tejp/temtex-kinesio-tape-tourmaline-ruzova-tejpovaci-paska-5cm-x-5m
https://www.ortezy.info/tejpy-kinezio-tejp/temtex-kinesio-tape-tourmaline-modra-tejpovaci-paska-5cm-x-5m
https://www.ortezy.info/florbal/unihoc-chranice-holeni-shinguard-function-jr-13
https://kominy1.cz/komin-jednopruduchovy-keramicky-jarni-sleva-7-/3637-kominovy-system-cj-blok-pr-16090-st-vyska-936-m.html
https://kominy1.cz/komin-jednopruduchovy-keramicky-jarni-sleva-7-/3602-kominovy-system-cj-blok-pr-14090-st-vyska-960-m.html
https://kominy1.cz/komin-jednopruduchovy-keramicky-jarni-sleva-7-/3593-kominovy-system-cj-blok-pr-14090-st-vyska-744-m.html
https://kominy1.cz/129-izolacni-deska-pro-obestavbu-krbu-a-do-topeniste
https://kominy1.cz/komin-keramicky-s-vetraci-sachtou/967-komin-cj-blok-s-vetraci-sachtou-16045-vyska-960-m.html
https://www.andromedo.cz/dekoracni-polstare/4642-bavlneny-polstar-soedahl-offwhite-40-x-60-cm-1235008200201.html
https://www.andromedo.cz/dekoracni-polstare/4644-bavlneny-polstar-soedahl-graphic-45-x-45-cm-1235008200203.html
https://www.andromedo.cz/dekoracni-polstare/4643-bavlneny-polstar-soedahl-clay-40-x-60-cm-1235008200202.html
https://www.andromedo.cz/detske-textilie-a-doplnky/4180-detske-hnizdecko-bazenek-broskvove-ruzovy-0806523311785.html
https://www.andromedo.cz/kuchyne-a-jidelna/4501-servirovaci-dreveny-podnos-blomus-m-2020085038744.html
https://pijatika.sk/cs/slovenske-speciality/652-apimed-trnavska-medovina-075l-135-8588001431211.html
https://pijatika.sk/cs/tmavy-rum/2842-worthy-park-special-cask-release-quatre-vins-07l-52-0894108001990.html
https://pijatika.sk/cs/slovenske-speciality/654-apimed-slovenska-medovina-075l-135-8588001431310.html
https://pijatika.sk/cs/slovenske-speciality/653-apimed-staroslovanske-medovina-tmava-075l-135-8588001431792.html
https://pijatika.sk/cs/liker/309-karloff-tatratea-rosehip-amp-sea-buckthorn-tea-07l-57-8588005128421.html
https://www.elegantnidekorace.cz/raminka/raminko-hvezda-hvezdicka/
https://www.elegantnidekorace.cz/panely-a-zasteny/pegboard-domek-500x500-s-kominem-a-oknem/
https://www.elegantnidekorace.cz/raminka/raminko-srdicko-s-modrou-stuzkou-a-perlami/
https://www.elegantnidekorace.cz/pegboard/wellness-panel-400x250-pegboard/
https://www.elegantnidekorace.cz/visacky-na-klice/klicenka-domek-s-cislem/
https://www.nasekniha.cz/p/obrazkove-rikanky-2
https://www.nasekniha.cz/p/simon-a-stenatko-bara
https://www.nasekniha.cz/p/obrazkove-basnicky
https://www.nasekniha.cz/nakladatelstvi
https://www.nasekniha.cz/newsletter
https://www.moja-kniha.cz/kniha/slovensko-a-z-2-doplnene-a-aktualizovane-vydanie
https://www.moja-kniha.cz/kniha/zdrave-crevo-a-travenie-fakty-od-renomovaneho-gastroenterologa-vrs-myty-od-doktora-googla
https://www.moja-kniha.cz/kniha/harry-potter-box-1-7-20-vyrocie-vydania-2
https://www.moja-kniha.cz/kniha/krizovky-na-relax-4-zo-sveta-zabava-recepty-priroda-3
https://www.moja-kniha.cz/kniha/historia-3-doplnene-a-revidovane-vydanie
https://www.top-radiatory.cz/top-radiatory/Elektricky-susak-rucniku-S60K-d101.htm
https://www.top-radiatory.cz/top-radiatory/Designove-radiatory-Comfort-d55.htm
https://www.top-radiatory.cz/top-radiatory/BO-120-vysousec-obuvi-elektricke-provedeni-d114.htm
https://www.top-radiatory.cz/top-radiatory/Elektricky-susak-rucniku-LINER-d100.htm
https://www.top-radiatory.cz/top-radiatory/Elektronicky-regulator-prostorove-teploty-RE10A-d106.htm
https://www.nadalkac.cz/rc-tanky/tanky-s-infra-bojovym-systemem/
https://www.semena-marihuany.cz/cs/semena-marihuany-konopi-cannabis/7270--auto-orange-bud-samonakvetaci-seminka-3ks-dutch-passion.html
https://www.semena-marihuany.cz/cs/feminizovana-seminka-marihuany/7340-special-medic-cbd-feminizovana-seminka-3-ks-cannapio-.html
https://www.semena-marihuany.cz/cs/feminizovana-seminka-marihuany/7345-northern-light-fast-version-feminizovana-seminka-10ks-cannapio.html
https://www.semena-marihuany.cz/cs/feminizovana-seminka-marihuany/7357-auto-white-widow-cbd-5ks-samonakvetaci-seminka-cannapio.html
https://www.semena-marihuany.cz/cs/feminizovana-seminka-marihuany/7349-automagnum-samonakvetaci-seminka-10-ks-cannapio.html
https://www.wheel-foot.cz/Wheel-Foot-Street-White-Standard-s-mobilni-aplikaci-s-bluetooth-reproduktorem-d45.htm
https://www.wheel-foot.cz/Wheel-Foot-Cerveny-STANDARD-s-Bluetooth-d41.htm
https://www.wheel-foot.cz/Wheel-Foot-Cerny-STANDARD-s-Bluetooth-d15.htm
https://www.wheel-foot.cz/Wheel-Foot-Crazy-OFFROAD-s-Bluetooth-d23.htm
https://www.wheel-foot.cz/Wheel-Foot-Burn-Standard-s-mobilni-aplikaci-s-bluetooth-reproduktorem-d46.htm
https://www.masacre.cz/ve-dvou-se-to-rybari-lepe/
https://www.masacre.cz/saty-jako-stvorene-pro-vas-velky-den/
https://www.masacre.cz/jak-mit-prehled-o-lidech/
https://www.masacre.cz/vyhody-generickych-pripravku-stoji-za-to/
https://www.znackove-cocky.cz/roztok-solocare-aqua-360-ml/
https://www.znackove-cocky.cz/ocni-kapky-blink-n-clean-15-ml/
https://www.znackove-cocky.cz/roztok-renu-sensitive-eyes-3-pack-3-x-240-ml/
https://www.znackove-cocky.cz/roztok-opti-free-express-355-ml/
https://www.znackove-cocky.cz/proclear-compatibles-sphere-6-cocek/
https://www.maxidilna.cz/Krizovy-laser-3D-360-zeleny-paprsek-samonivelacni-STREND-PRO-INDUSTRIAL-GF360G-30m-50m-d6495.htm
https://www.maxidilna.cz/Kombinovana-poloautomaticka-svarecka-CO2-ST-WELDING-MIG-195-MIG-MAG-MMA-220V-190A-d78515.htm
https://www.maxidilna.cz/Krizovy-laser-4V-1H-zeleny-paprsek-samonivelacni-HP-NT411G-STREND-PRO-INDUSTRIAL-30m-60m-d76717.htm
https://www.maxidilna.cz/baterie-termostaticka-sprchova-univerzalni-100mm-keramicky-ventil-chrom-VITTORIA-d57042.htm
https://www.maxidilna.cz/Aku-retezova-pila-35cm-Worcraft-S20Li-CGC-S40Li-SET-2x20V-4-0Ah-nabijecka-TR111138-d75993.htm
https://www.nejlevnejsinabytek.cz/rohova-sedacka-sparrow-cerna-latkacerna-ekokuze-p-233714.html
https://www.nejlevnejsinabytek.cz/baterie-pakova-royce-chrom-p-143986.html
https://www.nejlevnejsinabytek.cz/rohova-sedacka-napko-boky-cerna-latka-boky-cervena-ekokuze-p-205040.html
https://www.nejlevnejsinabytek.cz/rohova-sedacka-caledon-tmave-seda-latkabila-ekokuze-p-233387.html
https://www.nejlevnejsinabytek.cz/celoplosny-drez-benedict-80x60-reversibilni-p-44214.html
https://www.viagra-cialis-levitra.cz/Super-Vidalista-80mg-c46_0_1.htm
https://www.viagra-cialis-levitra.cz/Duratia-90mg-Dapoxetin-c51_0_1.htm
https://www.viagra-cialis-levitra.cz/Malegra-Oral-Jelly-100mg-c55_0_1.htm
https://www.viagra-cialis-levitra.cz/Sextreme-Oral-Jelly-120mg-c63_0_1.htm
https://www.viagra-cialis-levitra.cz/Super-P-Force-Oral-Jelly-160mg-c62_0_1.htm
https://www.galart.cz/ozdobna-spona-do-vlasu/
https://www.galart.cz/ozdoba-do-ucesu-s-kvetem-2/
https://www.galart.cz/svatebni-zavoj-se-satenovym-lemem/
https://www.galart.cz/krasna-ozdoba-do-ucesu/
https://www.galart.cz/polstarek-pod-prstynky-v-sampanske-barve/
https://www.muslinablaho.cz/kavove-susenky-100g-bez-lepku-d23.htm
https://www.muslinablaho.cz/Balicek-4-12ks-orechove-musli-6ks-kakaovych-krupinek-bez-lepku-d21.htm
https://www.muslinablaho.cz/Rozinkove-musli-bez-lepku-250g-d7.htm
https://www.muslinablaho.cz/Skoricove-krupinky-bez-lepku-150g-d6.htm
https://www.muslinablaho.cz/Kakaove-krupinky-bez-lepku-250g-d5.htm
https://www.obuv-odevy.cz/obchod/kabelky-1/kabelka-toscanio-855-zlata.html
https://www.obuv-odevy.cz/obchod/damske-1/penezenka-55000-101-seda-bila.html
https://www.obuv-odevy.cz/obchod/panske-1/penezenka-55003-43-konak.html
https://www.obuv-odevy.cz/obchod/panska-obuv-10/salomon-l39866800-x-ultra-3-gtx-black-india-ink-hawaiian.html
https://www.obuv-odevy.cz/obchod/letni-obuv-11/keen-moxie-sandal-jr-1019258-1019259.html
https://eshop.vcelarstvirezanina.cz/letnickova-louka-plzenska/
https://eshop.vcelarstvirezanina.cz/letnickova-louka-strakonicka/
https://eshop.vcelarstvirezanina.cz/vytrvala-louka-zeleny-chodnicek/
https://eshop.vcelarstvirezanina.cz/letnickova-louka-lednicka/
https://eshop.vcelarstvirezanina.cz/vytrvala-louka-trvalky-pro-vcely/
https://www.panhracka.cz/omalovanky-aktivity-malovanky-aktivity-na-farme-na-farme-4ks-pastelky-cz-skverze/
https://www.panhracka.cz/pracovni-sesit-najdi--nalep-a-vybarvi-uzasni-dinosauri-cz-verze-21x28cm/
https://www.panhracka.cz/omalovanky-aktivity-malovanky-aktivity-princezny-princezne-4ks-pastelky-cz-skverze/
https://www.panhracka.cz/rozvrh-hodin-1-stupen-pro-holky-1-5--trida-146ks-v-plechove-krabicce-10x10x4-5cm/
https://www.panhracka.cz/omalovanky-malovanky-uzasne-dinosaury-dinosauri-cz-sk-verze-21x28cm/
https://www.trafocz.cz/76-regenerovany-transformatorovy-olej.html
https://www.trafocz.cz/75-inhibovany-transformatorovy-olej.html
https://www.moto-army.cz/eshop-meiwa-vzduchovy-filtr-honda-cbr-900-rr-fireblade-2002-az-2003-179-719
https://www.moto-army.cz/eshop-opravna-tesnici-sada-pro-benzinovy-ventil-kawasaki-183-674
https://www.moto-army.cz/eshop-simerinky-do-prednich-vidlic-motocyklu-kawasaki-182-1570
https://www.moto-army.cz/eshop-spinac-brzdoveho-svetla-zadni-oem-suzuki-sv-dl-vz-ls-apod-183-2306
https://www.moto-army.cz/eshop-meiwa-vzduchovy-filtr-honda-cx-650-e-turbo-gl-650-silver-win-179-722
https://www.blankastraka.cz/bily-damsky-svetr-blutsgeschwister-long-se-srdicky1
https://www.blankastraka.cz/tehotenske-tyrkysove-saty-dorothy-perkins-amelia
https://www.blankastraka.cz/tmave-modre-saty-s-tyrkysovymi-kvety-smashed-lemon-uma
https://www.blankastraka.cz/tmave-modre-saty-s-horcicovymi-kvety-smashedl-lemon-kesi
https://www.blankastraka.cz/ruzove-saty-s-cernymi-puntiky-hearts-and-roses-rhiannon
https://promotorku.cz/667-motocyklovy-stojan-pod-predni-kolo-cerna.html
https://promotorku.cz/home/1380-mobilni-podlozka-constands-motomover-m2-cerveny.html
https://promotorku.cz/671-moto-stojan-pod-predni-kolo-cerna-mat-classic.html
https://promotorku.cz/672-moto-stojan-pod-predni-kolo-cervena-classic.html
https://promotorku.cz/sportovni-variatory/187-aprilia-mc-gulliver-racing-50cc.html
https://www.elektrocentraly-heron.cz/SLEVA-2-000Kc-Elektrocentrala-benzinova-el-start-7-0kW-HERON-EGM-68-AVR-1E-d15.htm
https://www.elektrocentraly-heron.cz/SLEVA-700Kc-Elektrocentrala-benzinova-a-plynova-LGP-NG-6-3HP-el-start-2-4KW-d18.htm
https://www.elektrocentraly-heron.cz/SLEVA-2-500Kc-Elektrocentrala-se-svareckou-220A-benzin-5-5kW-HERON-EWH-220-d17.htm
https://www.elektrocentraly-heron.cz/SLEVA-700Kc-Elektrocentrala-digit-invertorova-HERON-1KW-8896216-DGI-10-SP-d1.htm
https://www.elektrocentraly-heron.cz/SLEVA-1-100Kc-Elektrocentrala-benzinova-13HP-6-0kW-400V-HERON-EGM-60-AVR-3-d7.htm
https://www.prodomovazahradu.cz/antibakter-box-0-35-l-15x9-5x4-5cm-transp-plast-d981.htm
https://www.prodomovazahradu.cz/sklen-500ml-STAR-HASICI-3-DEKORY-modry-obtisk-d588.htm
https://www.prodomovazahradu.cz/Plechova-krabicka-na-tissue-Levandule-d12758.htm
https://www.prodomovazahradu.cz/zardinka-d25cm-TER-SIESTA-kov-zaves-samoz-d1578.htm
https://www.prodomovazahradu.cz/svicka-lampa-1ks-LA207-VINO-26cm-100g-hrbit-d2634.htm
https://www.ochranaprotivirum.cz/produkty/renmed-jednorazova-trivrstva-ochranna-rouska-50-ks
https://www.ochranaprotivirum.cz/produkty/renmed-rouska-3-vrstva-jednorazova-20-ks
https://www.ochranaprotivirum.cz/produkty/desinfekcni-prostredek-50-ml
https://www.ochranaprotivirum.cz/produkty/angstar-rouska-jednorazova-100-ks
https://www.ochranaprotivirum.cz/produkty/renmed-jednorazova-trivrstva-ochranna-rouska-100-ks
https://www.madbbq.cz/mad-bbq-cerna-ksiltovka-limited/
https://www.madbbq.cz/rusty-fairy-jamaica-best-jerk-100g/
https://www.madbbq.cz/drevene-pelety-pit-boss-blend-9-kg/
https://www.madbbq.cz/drevene-pelety-jablko-9-kg-pit-boss/
https://www.madbbq.cz/drevene-pelety-smes-blend-18-kg-louisiana/
https://www.spalek-ski.cz/boty-2/boty-na-bezky-fischer-xc-comfort-pro-my-style/
https://www.spalek-ski.cz/lahve-na-piti/termoska-picture-campei/
https://www.spalek-ski.cz/obleceni/bunda-etape-crux-pro/
https://www.spalek-ski.cz/bryle-slunecni/slunecni-bryle-neon-board/
https://www.spalek-ski.cz/helmy/helma-neon-wild-plus/
https://www.parfemplus.cz/parfemovany-sprchovy-gel-518/
https://www.parfemplus.cz/elegantni-vune-panske-10ks/
https://www.parfemplus.cz/091-parfem-50ml/
https://www.parfemplus.cz/260-parfem-50ml/
https://www.parfemplus.cz/citrusove-vune-damske-10ks/
https://www.znackovamaziva.cz/protiskluzove-natery-na-podlahy/safe-step-100-grey/
https://www.znackovamaziva.cz/odmastovaci-prostredky/rocol-quick-clean/
https://www.znackovamaziva.cz/rezne-oleje/rocol-rtd-metal-cutting-compound--5kg/
https://www.znackovamaziva.cz/osobni-automobily-2/mobil-1-esp-formula-5w30--4l/
https://www.znackovamaziva.cz/maziva/rocol-rtd-metal-cutting-liquid--400g/
https://www.fotbal-dresy.cz/zimni-cepice-brawl-stars--fortnite--minecraft/zimni-cepice-minecraft-cerna/
https://www.fotbal-dresy.cz/fotbalove-dresy-s-vlastnim-jmenem/fotbalovy-dres-juventus-jmeno-2021/
https://www.fotbal-dresy.cz/fotbalove-dresy-s-vlastnim-jmenem/fotbalovy-dres-barcelona-2021-jmeno/
https://www.fotbal-dresy.cz/fotbalove-dresy-s-vlastnim-jmenem/dres-cr-cerveny-2019-vlastni-jmeno/
https://www.fotbal-dresy.cz/zimni-cepice-brawl-stars--fortnite--minecraft/zimni-cepice-brawl-seda/
https://www.elektrokola-levne.cz/Detska-aku-ctyrkolka-Renegade-1000-W-blue/
https://www.elektrokola-levne.cz/Ctyrkolka-ATV-Toronto-Sport-RS-automat-125ccm-modra-8-kola/1
https://www.elektrokola-levne.cz/Detska-aku-ctyrkolka-Renegade-1000-W-red/
https://www.elektrokola-levne.cz/Baterie-e-kolobezka-60V-20AhCE50-CE60-zalozni/
https://www.elektrokola-levne.cz/Detska-aku-ctyrkolka-Renegade-1000-W-green/
https://www.vladyo.cz/caje-theoherbs/caj-na-podporu-imunitniho-systemu/
https://www.vladyo.cz/tablety-dreamly/trojbaleni-dreamly-180-kapsli/
https://www.vladyo.cz/caje-theoherbs/caj-na-podporu-spanku/
https://www.vladyo.cz/caje-theoherbs/bylinny-caj-s-priznivymi-ucinky-na-energii/
https://www.vladyo.cz/caje-theoherbs/caj-pro-spravne-fungovani-dychacich-cest/
https://www.luminex.cz/cs/stropni-svitidla/1145-subara-stropni-svitidlo-led-1x58w-5400lm-3000k-4000k-5500k-4017807381566.html
https://www.luminex.cz/cs/stropni-svitidla/1149-nagano-stropni-svitidlo-led-1x80w-max-6400lm-3000-5500k-4017807337686.html
https://www.luminex.cz/cs/stropni-svitidla/1086-vyprodej-castor-stropni-svitidlo-led-1x25w-3000lm-3000k-6500k-4017807284416.html
https://www.luminex.cz/cs/stropni-svitidla/1150-osaka-stropni-svitidlo-led-1x100w-max-9800lm-3000-6000k-4017807337730.html
https://www.luminex.cz/cs/stropni-svitidla/1151-osaka-stropni-svitidlo-led-1x30w-max-3100lm-3000-6000k-4017807337723.html
https://www.robimaus.cz/haky-silikony-a-ostatni-teraristicke-potreby-g84/silikonove-lepidlo-60ml-transparentni-p749
https://www.robimaus.cz/haky-silikony-a-ostatni-teraristicke-potreby-g84/silikonove-lepidlo-silirub-aq-transparentni-p753
https://www.robimaus.cz/mlhovace-a-rozprasovace-g47/dil-prislusenstvi-pro-mlhovac-maxi-repti-planet-p2144
https://www.robimaus.cz/sklenena-teraria-s-pozadim-g130/terarium-chameleon-male-60x40x80cm-s-pozadim-robimaus-p1099
https://www.robimaus.cz/mlhovace-a-rozprasovace-g47/membrana-a-klic-pro-mlhovac-repti-planet-p2146
https://www.istuff.cz/bezdratova-bluetooth-sluchatka-i12-tws-s-dobijecim-boxem/
https://www.istuff.cz/nylonovy-pleteny-navlekaci-reminek-pro-apple-watch-velikost-s/
https://www.istuff.cz/nylonovy-pleteny-navlekaci-reminek-pro-apple-watch-velikost-l/
https://www.istuff.cz/mi-band-3-4-sportovni-silikonovy-nahradni-naramek/
https://www.istuff.cz/nylonovy-pleteny-navlekaci-reminek-pro-apple-watch-velikost-m/
https://www.waragod.cz/blog-outdoor/5-rad-ktere-budete-potrebovat-pokud-chcete-bivakovat/
https://www.waragod.cz/teplaky/darkcamo,o,a,48,0,f:p2-138/
https://shop.autodilykrc.cz/katalog/universal?parentNodeId=01&assemblyGroupNodeId=010304
https://shop.autodilykrc.cz/katalog/universal?parentNodeId=01&assemblyGroupNodeId=01020305&_=1509467850725
https://www.bohemiatoner.cz/bohemia-toner/eshop/0/0/5/26600-DELL-1130-593-10961-100-NOVY-kompatibilni-cerny-2500-stran-PremiumQuality
https://www.bohemiatoner.cz/bohemia-toner/eshop/0/0/5/600-HP-CE255X-kompatibilni-100-NOVY-cerny-12500str-PremiumQuality
https://www.bohemiatoner.cz/bohemia-toner/eshop/0/0/5/9900-HP-CE401A-kompatibilni-100-NOVY-modry-6000stran-PremiumQuality
https://www.bohemiatoner.cz/bohemia-toner/eshop/0/0/5/25800-Canon-CRG-718C-kompatibilni-100-NOVY-modry-2800-stran-PremiumQuality
https://www.bohemiatoner.cz/bohemia-toner/eshop/0/0/5/1600-HP-CE285A-kompatibilni-100-NOVY-cerny-2000stran-Quantec
https://www.muscleberg.cz/sportovni-vyziva/proteiny/muscleberg-clean-whey-protein-900g-vanilla/
https://www.muscleberg.cz/sportovni-vyziva/aminokyseliny/muscleberg-bcaa-intense-400g/
https://www.muscleberg.cz/sportovni-vyziva/aminokyseliny/muscleberg-l-glutamine-400g/
https://www.muscleberg.cz/sportovni-vyziva/aminokyseliny/muscleberg-kreatin-monohydrate-500g/
https://www.muscleberg.cz/sportovni-vyziva/kloubni-vyziva/scitec-nutrition-joint-x-100-kaps-kloubni-vyziva/
https://www.pneu-bednarek.cz/195-55r15-85v,-armstrong,-blu-trac-hp-6-let-zaruka-463671/
https://www.pneu-bednarek.cz/185-60r14-82h,-armstrong,-blu-trac-pc-6-let-zaruka-463633/
https://www.pneu-bednarek.cz/poklice-kryty-kol-milano-14-silver-black----407393/
https://www.pneu-bednarek.cz/175-65r14-82h,-armstrong,-blu-trac-pc-6-let-zaruka-463668/
https://www.pneu-bednarek.cz/185-60r15-88h,-armstrong,-blu-trac-pc-6-let-zaruka-463669/
https://www.sanita.cz/zbozi/109407-Mimo-by-Laufen-LCC-umyvadlova-misa-60x44-otvor-pro-baterii-skryty-prepad
https://www.sanita.cz/zbozi/306-017-103-koupelnova-skrinka-se-zrcadlem-34x55x10-cm
https://www.sanita.cz/zbozi/31522-Vodorovne-tesneni-na-8-mm-skla-pro-montaz-bez-prahove-listy
https://www.sanita.cz/zbozi/307-017-189-koupelnova-skrinka-se-zrcadlem-36x73x10-cm
https://www.sanita.cz/zbozi/36323-Ovladaci-tlacitko-01-bila-alpska-leskla-prestavbovy-set-(nahrada-za-331001)
https://benefitshop.cz/plastovy-servirovaci-podnos-cerny-vzor
https://benefitshop.cz/adventni-vence-svicky
https://benefitshop.cz/vyprodej
https://benefitshop.cz/svacinovy-termo-box-lahev
https://benefitshop.cz/prkenko-z-mangoveho-dreva
https://www.krosmedical.cz/zanovni-el-voziky/808-elektricky-invalidni-vozik-puma-20-zanovni-pwc0080.html
https://www.krosmedical.cz/vyrobky-proti-prolezeninam/721-matrace-vaflova-s-jednotnou-nosnosti-thuasne-w3000.html
https://www.krosmedical.cz/zanovni-el-voziky/818-elektricky-invalidni-vozik-puma-40-zanovni-pwc0106.html
https://www.krosmedical.cz/skladaci-voziky/1000-invalidni-voziky-ruzne-znacky.html
https://www.krosmedical.cz/trikolky-kola-a-handbike/896-sportovni-kolo-van-raam-easy-sport-top-stav.html
https://www.shop-klimatizace.cz/klimatizace-gree-u-crown-2-7-kw-r32-vcetne-montaze-2/
https://www.shop-klimatizace.cz/kazetova-klimatizace-acond-act-1-1-3-7kw-multi-split-r32/
https://www.shop-klimatizace.cz/klimatizace-lg-artcool-mirror-3-5-kw-r32-s-montazi/
https://www.shop-klimatizace.cz/chigo-mobilni-klimatizace-wide-marin-2-6-kw-r290/
https://www.shop-klimatizace.cz/klimatizace-multisplit-lg-standard-plus-s-montazi/
https://www.kancelarske-sluzby.cz/double-360-cerny-otocny-modul-pro-podstavec-pod-monitor-a4
https://www.kancelarske-sluzby.cz/otocny-podstavec-pod-monitor-notebook-a4-double-bily-prezentacni
https://www.kancelarske-sluzby.cz/otocny-podstavec-pod-monitor-tv-a3-double-stribrny-prezentacni
https://www.kancelarske-sluzby.cz/ACADEMIC-AD139X-01-stolova-sestava-s-nastavitelnou-delkou-nosniku-d1560.htm
https://www.kancelarske-sluzby.cz/Rouska-tvarovaci-bavlnena-biobavlna-netkana-textilie-d1640.htm
https://www.mandarinka.cz/Nausnice-Motylek-ruzove-ny1074-chirurgicka-ocel-d2664.htm
https://www.mandarinka.cz/Retiazka-na-nohu-hviezdicky-HIT-SEZONY-mv3206-chirurgicka-ocel-d8912.htm
https://www.mandarinka.cz/Nausnice-Kvetinka-fuchsia-ny1073-chirurgicka-ocel-d2663.htm
https://www.mandarinka.cz/Retiazka-na-nohu-srdiecka-kamienky-HIT-SEZONY-mv3207-chirurgicka-ocel-d8913.htm
https://www.mandarinka.cz/Prsten-Glamour-Fialovy-krystal-ny4275-chirurgicka-ocel-vel-51-d7815.htm
https://www.maxildily.cz/Rozvodova-sada-vodni-cerpadlo-Original-04L198119A-04L-198-119-A-04L121011L-d14028.htm
https://www.maxildily.cz/Plynovy-tlumic-narazu-elektronicky-regulovany-Original-3Q0413032-3Q0-413-032-d14315.htm
https://www.maxildily.cz/Ridici-jednotka-svetlometu-pro-D1S-Skoda-Superb-II-Volkswagen-Golf-5M0907391-d867.htm
https://www.maxildily.cz/Plynovy-tlumic-narazu-elektronicky-regulovany-Original-3Q0413031AK-d12716.htm
https://www.maxildily.cz/Plynovy-tlumic-narazu-elektronicky-regulovany-Original-1-kus-3Q0413031AK-d14314.htm
https://www.rubi.cz/rubi-diamantova-korunka-drygres-4drill-10-mm-hex-05926.html
https://www.rubi.cz/rubi-adapter-na-vrtacku-pro-diamantove-korunky-dry-6-12-mm-05976.html
https://www.rubi.cz/04924-vrtak-diamantovy-10-mm-easy-gres.html
https://www.rubi.cz/04999-samolepka-easy-gres-sada-20-ks.html
https://www.rubi.cz/rubi-diamantova-korunka-drygres-4drill-12-mm-hex-05927.html
http://www.steelboots.cz/steel-boots-original/steel-10-dirkove/steel-boots-zelena-stirana.html
http://www.steelboots.cz/steel-boots-original/steel-15-dirkove/steel-boots-oranzova-stirana.html
http://www.steelboots.cz/steel-boots-original/steel-20-dirkove/steel-boots-oranzova-stirana.html
http://www.steelboots.cz/steel-boots-original/steel-15-dirkove/steel-boots-cerna-kaucuk.html
http://www.steelboots.cz/steel-boots-original/steel-10-dirkove/steel-boots-oranzova-stirana.html
https://www.moje-vcelarstvi.cz/detail/193-sestava-vceliho-ulu-optimal-5m
https://www.moje-vcelarstvi.cz/detail/37-sestava-vceliho-ulu-optimal-2m
https://www.moje-vcelarstvi.cz/detail/116-ramek-vydratkovany-39x24
https://www.moje-vcelarstvi.cz/detail/14-ramkovy-prirez-hoffman
https://www.moje-vcelarstvi.cz/detail/15-ramkovy-prirez-hoffman
https://www.somanbotanicals.cz/PINK-QUARTZ-Balzam-na-rty-s-kolagenem-d32.htm
https://www.somanbotanicals.cz/CHEER-UP-Telovy-botanicky-olej-d24.htm
https://www.somanbotanicals.cz/MOON-Pletovy-olej-s-modrym-hermankem-d20.htm
https://www.somanbotanicals.cz/MELON-Botanicky-olejovy-odlicovac-d58.htm
https://www.somanbotanicals.cz/DREAM-Pletovy-olej-s-vitaminem-C-a-horcikem-d27.htm
https://www.rustak.cz/reklamace-a-vraceni-zbozi
https://www.rustak.cz/ghr-natural.html
https://www.rustak.cz/regenerace
https://www.rustak.cz/rust-svalu-a-sily
https://www.rustak.cz/priroda-nebo-chemie
https://www.obchodskameny.cz/produkty/22-180-pebbles-politoko-3-6-cm#/29-baleni_kamenu-pytel_5kg
https://www.obchodskameny.cz/produkty/24-176-pebbles-politiko-6-10-cm#/29-baleni_kamenu-pytel_5kg
https://www.obchodskameny.cz/produkty/74-190-prany-slovensky-kacirek-16-22#/31-baleni_kamenu-pytel_15kg
https://www.obchodskameny.cz/produkty/19-67-pebbles-thassos-white-2-4-cm#/29-baleni_kamenu-pytel_5kg
https://www.obchodskameny.cz/produkty/20-72-pebbles-thassos-whote-4-8-cm#/29-baleni_kamenu-pytel_5kg
https://www.prirodnidoplnky.eu/prazena-kukurice-s-chilli-150g-via-naturae/
https://www.prirodnidoplnky.eu/intensive-mangostan-malina-ovocny-caj-vitto-tea-40g/
https://www.prirodnidoplnky.eu/aronie-cerna-jerabina-prasek-bio-raw-100g/
https://www.prirodnidoplnky.eu/intensive-cerny-bez-acai-ovocny-caj-vitto-tea-40g/
https://www.prirodnidoplnky.eu/bio-merunky-nesirene-bez-cukru-1000g/
https://www.kapsare-polstare.cz/Kuchynska-rukavice-d369.htm
https://www.kapsare-polstare.cz/Kapsar-velka-sada-Princezna-d14.htm
https://www.kapsare-polstare.cz/Panske-volnocasove-teplaky-vel-48-50-Boure-d359.htm
https://www.kapsare-polstare.cz/Panska-sukne-Maskac-vel-52-54-d352.htm
https://www.kapsare-polstare.cz/Nakupni-taska-pres-rameno-d371.htm
http://www.kvalitnifolie.cz/stresni-produkty/tyvek-metal.html
http://www.kvalitnifolie.cz/stresni-produkty/tyvek-supro-plus.html
http://www.kvalitnifolie.cz/zahradni-textilie/groundgrid-55x50.html
http://www.kvalitnifolie.cz/zahradni-textilie/plantex-anchor-pins-200x200.html
http://www.kvalitnifolie.cz/fasadni-produkty/tyvek-uv-facade-plus.html
https://www.coffeeband.cz/bialetti-moka-induction-6-salku-300-ml/
https://www.coffeeband.cz/rhinowares-rucni-mlynek-na-kavu/
https://www.coffeeband.cz/hario-sada-pour-over-kit-v60-02-cerny/
https://www.coffeeband.cz/timemore-black-mirror-basic-digitalni-vaha/
https://www.coffeeband.cz/bialetti-moka-induction-4-salky-160-ml/
https://eshop.airguru.cz/databaze_letist/navigacni-trojuhelnik-pro-databazi-letist/
https://eshop.airguru.cz/letouny/smart-nakolenik-dream-pilot/
https://eshop.airguru.cz/databaze_letist/sada-pomucek-pro-databazi-letist/
https://eshop.airguru.cz/zapisniky/zapisnik-letu-ul--brozovany/
https://eshop.airguru.cz/zapisniky/zapisnik-letu-pilota-zaka--brozovany/
https://www.kralovske-spani.cz/matrace-spirit-superior-visco-26-p-1613.html
https://www.kralovske-spani.cz/matrace-spirit-superior-visco-30-p-1625.html
https://www.kralovske-spani.cz/matrace-eurosleep-treviso-p-4318.html
https://www.kralovske-spani.cz/ortopedicky-klin-perfect-podnoznik-p-5179.html
https://www.kralovske-spani.cz/matrace-spirit-superior-latex-30-p-1601.html
https://www.multiflora.cz/semena/klicici-biomiska-trojpatrova-nadoba-na-kliceni-seminek/
https://www.multiflora.cz/vyprodej/smrk-sivy--conica--40-60-cm-picea-glauca--conica-/
https://www.multiflora.cz/brabant/thuje-brabant-aurea-rychlerostouci--zlata--60-80-cm/
https://www.multiflora.cz/vyprodej/thuje-yellow-ribbon--zlata--125-150-cm/
https://www.multiflora.cz/thuje/tuja-brabant-rychlerostouci-sazenice-30-50-cm/
https://www.a-coloris.cz/barvy/poduska-coloris-soli-plate-size-2mala-118-67-mm-guma/d-70061-c-1049/
https://www.a-coloris.cz/barvy/nahradni-filc-coloris-felt-plate-size-2mala-118-67-mm/d-70101/
https://www.a-coloris.cz/barvy/poduska-coloris-soli-plate-size-1velka-165-90-mm-guma/d-70062-c-1049/
https://www.a-coloris.cz/barvy/barva-coloris-kroska-p-cerna-pigmentovana01-50-g/d-70136/
https://www.a-coloris.cz/barvy/poduska-coloris-felt-plate-size-2mala-118-67-mm-filc/d-70059/
https://instylio.cz/katalog/adidas-buty-stan-smith-junior-s76330/
https://instylio.cz/katalog/adidas-superstar-i-cq2868/
https://instylio.cz/katalog/adidas-vs-pace-core-black-core-black-carbon-b44869/
https://instylio.cz/katalog/adidas-superstar-w-169-ba8169/
https://instylio.cz/katalog/adidas-stan-smith-white-corewhite-m20324/
https://ulevapronohy.cz/search?controller=search&orderby=position&orderway=desc&search_query=%C5%BEabky&submit_search=
https://ulevapronohy.cz/hydratace/22-malle-hydratacni-ponozky.html
https://ulevapronohy.cz/hydratace/15-pidi-hydratacni-ponozky-4710765731120.html
https://ulevapronohy.cz/search?controller=search&orderby=position&orderway=desc&search_query=podpatku&submit_search=
https://ulevapronohy.cz/darkove-krabicky/57-kastan-krem.html
http://medaile-pohary.eu/medaile/36-111-medaile-mmc3250.html#/17-barva-bronzova/27-stitek_na_medaile-ne
http://medaile-pohary.eu/medaile/37-117-medaile-mmc1090.html#/17-barva-bronzova/27-stitek_na_medaile-ne
http://medaile-pohary.eu/medaile/30-75-medaile-mmc1145.html#/17-barva-bronzova/27-stitek_na_medaile-ne
http://medaile-pohary.eu/medaile/26-51-medaile-mmc2540.html#/17-barva-bronzova/27-stitek_na_medaile-ne
http://medaile-pohary.eu/medaile/28-63-medaile-mmc2540.html#/17-barva-bronzova/27-stitek_na_medaile-ne
http://www.kabelkomanie.cz/kabelky-calvin-klein/calvin-klein-kabelka-102/
http://www.kabelkomanie.cz/cepice_panske/tommy-hilfiger-cepice-6/
http://www.kabelkomanie.cz/panske-tasky-calvin-klein/calvin-klein-crossbody-taska-14/
http://www.kabelkomanie.cz/panske-tasky-calvin-klein/calvin-klein-crossbody-taska-23/
http://www.kabelkomanie.cz/kabelky-calvin-klein/calvin-klein-kabelka-101/
https://www.svarovacka.cz/417-helium-prislusenstvi
https://www.svarovacka.cz/230-svarovaci-technika-homer-tools
https://www.svarovacka.cz/458-gce-redukcni-ventily-uniset-pro-rozvody-plynu
https://www.raffine-shop.cz/lisca-jednodilne-damske-plavky-hvar--s-kostici-a-vypodlozenym-kosickem/z750.htm
https://www.raffine-shop.cz/marcandre-paris--vypodlozena-podprsenka-s-kostici--s9-0916--cappuchino/z917.htm
https://www.raffine-shop.cz/marc--andre-krajkove-vysoke-kalhotky-body-code-s-uchyty-na-puncochy--cerna/z910.htm
https://www.raffine-shop.cz/folia-intimo-kosilka-na-raminka-marisel-mikromodal-s-krajkou--pudrova/z935.htm
https://www.raffine-shop.cz/pip-studio-diablo-zavinovaci-kimono-s-3-4-rukavem--floris-white--vizkoza--bile/z541.htm
https://www.top-hracky.cz/barbie-fashionistas-modelka/1107-barbie-extra-v-ruzove-bunde.html
https://www.top-hracky.cz/littlest-pet-shop/953-lps-littlest-pet-shop-98-perska-kocka-a-99-mlade-s-doplnky.html
https://www.top-hracky.cz/fisher-price/693-fisher-price-hudebni-piano-se-zvuky.html
https://www.top-hracky.cz/auta/277-disney-pixar-cars-3-preklapeci-a-zavodici-auta-jackson-storm.html
https://www.top-hracky.cz/auta/269-disney-pixar-cars-3-cruz-ramirez-jako-frances-beltline.html
https://www.svatbadekor.cz/katalog-zbozi/katalog-zbozi/darkove-zbozi_184/pokladnicky-a-krabicky-na-prani/produkt/krabicka-na-penize--prani----kraftova-s-napisem-dekujeme
https://www.svatbadekor.cz/katalog-zbozi/katalog-zbozi/darkove-zbozi_184/pokladnicky-a-krabicky-na-prani/produkt/krabicka-na-penize--prani----kraftova-s-kartou-bez-napisu
https://www.svatbadekor.cz/katalog-zbozi/katalog-zbozi/krabicky-na-vysluzky--kosicky/vysluzkove-krabice/produkt/krabicka-na-vysluzku-s-ouskem-srdce---tm.fiialova---nizka---9-ks
https://www.svatbadekor.cz/katalog-zbozi/katalog-zbozi/krabicky-na-vysluzky--kosicky/vysluzkove-krabice/produkt/krabicka-na-vysluzku-vyssi---kremova-se-dvema-motylky
https://www.svatbadekor.cz/katalog-zbozi/katalog-zbozi/dekorace-na-auto-svatebni-ozdoby-na-auta/plysova-zviratka---medvidci-aj./produkt/plysovi-pejsci---dekorace-na-svatebni-auto
https://www.poooz.cz/kozene-panske-penezenky-premium/panska-penezenka-436/
https://www.poooz.cz/kozene-panske-penezenky-premium/panska-penezenka-390/
https://www.poooz.cz/kozene-panske-penezenky-premium/panska-penezenka-251/
https://www.poooz.cz/kozene-panske-penezenky-premium/panska-penezenka-142/
https://www.poooz.cz/kozene-panske-penezenky-premium/panska-penezenka-355/
https://www.tvadilna.cz/
https://www.tvadilna.cz/Nabijecky-a-startovaci-zdroje-c49_0_1.htm
https://www.tvadilna.cz/Olejovy-kompresor-dvouvalcovy-100L-3HP-RIPPER-M80673A-d394.htm
https://www.tvadilna.cz/Invertorova-svarecka-MMA-MIG-TIG-250A-MAR-POL-M79365-d440.htm
https://www.tvadilna.cz/Olejovy-kompresor-dvouvalcovy-100L-3HP-separator-Huragan-HG100-d391.htm
https://www.umatusku.cz/darkovepoukazy-katalogy-vzorkovniky-zapisniky-navody/navod-away-day-shawl-judith-heller/
https://www.umatusku.cz/darkovepoukazy-katalogy-vzorkovniky-zapisniky-navody/navod-shawl-of-secret/
https://www.umatusku.cz/darkovepoukazy-katalogy-vzorkovniky-zapisniky-navody/navod-lover--s-wrap-margje-enting/
https://www.umatusku.cz/darkovepoukazy-katalogy-vzorkovniky-zapisniky-navody/navod-read-between-the-lines-shawl-tammy-canavan-soldaat/
https://www.umatusku.cz/prize-s-lesklym-vlaknem/flowers-moonlight/
https://www.koupelnycero.cz/podomitkove-nadrze-a-konstrukce/villeroy-boch-viconnect-predstenova-instalace-pro-zavesne-wc--75-cm--pro-zdene-steny--92247900/
https://www.koupelnycero.cz/wc-zavesna/villeroy-boch-venticello-zavesne-wc--directflush--alpska-bila--4611r001/
https://www.koupelnycero.cz/umyvadlove-baterie/logis-loop-pakova-umyvadlova-baterie-100-s-kovovou-odtokovou-soupravou-s-tahlem--71151000/
https://www.koupelnycero.cz/umyvadlova-skrinka/marco-barotti-andrea-umyvadlova-skrinka-jednozasuvkova-vc--umyvadla-a-uchytek--119x35x45-6cm--bci5b1a/
https://www.koupelnycero.cz/wc-zavesna/laufen-pro-a-zavesny-klozet-hluboke-splachovani--lcc-8-2095-6-400-000-1/
https://www.sifos-obchod.cz/sifonove-lahve-soda-nahradni-dily/krytka-zavitu-pro-hlavu-sifonove-lahve-soda-9106/
https://www.sifos-obchod.cz/bombicky-co2-sifonove/sifonove-bombicky-sifos-co2-8gr-plnitelne-10-ks-pouze-plyn-vymena-za-prazdne/
https://www.sifos-obchod.cz/bombicky-n2o-slehackove/slehackove-bombicky-sifos-n2o-8gr-plnitelne-10-ks-pouze-plyn-vymena-za-prazdne/
https://www.sifos-obchod.cz/bombicky-co2-sifonove/sifonove-bombicky-sifos-co2-8gr-plnitelne/
https://www.sifos-obchod.cz/lahve-na-pripravu-retro-lahve-kovocas/sada-gumovych-tesneni-pro-sifonove-lahve-kovocas/
https://eshop.oslavan.cz/nuzky-felco-11-rukavice-l-xl-darkovy-set
https://eshop.oslavan.cz/hnojiov-pro-ruze-a-kvetouci-kere-silva-tabs
https://eshop.oslavan.cz/pilka-se-zahnutym-platem-27-cm-felco-640_darkovy_set
https://eshop.oslavan.cz/pilka-se-zahnutym-platem-27-cm-felco-640
https://eshop.oslavan.cz/steparsky-tmel-legocortex-250-g-tuba-se-steteckem
https://www.idealed.shop/led-prumyslove-svitidlo-hb-ufo3s-150w-1-10v-zaruka-5-let-120-6000k
https://www.idealed.shop/led-prumyslove-svitidlo-hb-ufo3s-200w-1-10v-zaruka-5-let-120-4000k
https://www.idealed.shop/led-prumyslove-svitidlo-hb-ufo3s-100w-1-10v-zaruka-5-let-120-4000k
https://www.idealed.shop/led-prumyslove-svitidlo-hb-ufo3s-150w-1-10v-zaruka-5-let-120-4000k
https://www.idealed.shop/led-prumyslove-svitidlo-hb-ufo3s-100w-1-10v-zaruka-5-let-120-6000k
https://www.klubsoft.cz/panska-tricka-s-kratkym-rukavem/tricko-vlci-v-zime-3d/
https://www.klubsoft.cz/panska-tricka-s-kratkym-rukavem/tricko-vlk-pri-zapadu-slunce-3d/
https://www.klubsoft.cz/panska-tricka-s-kratkym-rukavem/tr-map-world-3d/
https://www.klubsoft.cz/panska-tricka-s-kratkym-rukavem/tricko-zralok-3d/
https://www.klubsoft.cz/masky/bavlnena-pratelna-rouska-s-vymennym-filtrem-pm25/
https://www.levnejmobil.cz/plus-nositelna-elektronika/chytre-hodinky/xiaomi/amazfit-gtr-2-classic-edition-obsidian-black-118107.html
https://www.levnejmobil.cz/domacnost/koronavirus-ochrana/ochranne-rousky/hygienicka-rouska-na-usta-baleni-10ks-101646.html
https://www.levnejmobil.cz/plus-nositelna-elektronika/tactical-usb-nabijeci-kabel-pro-xiaomi-amazfit-bip-bip-lite-94125.html
https://www.levnejmobil.cz/plus-nositelna-elektronika/chytre-hodinky/samsung/samsung-galaxy-watch-active-sm-r500-black-eu-86180.html
https://www.levnejmobil.cz/plus-nositelna-elektronika/amazfit-gtr-2-classic-edition-obsidian-black-118107.html
https://www.razusport.cz/KRIMSON-KLOVER-Adrenaline-Snow-1-4-Zip-d1038.htm
https://www.razusport.cz/KRIMSON-KLOVER-Apres-Anyone-1-4-Zip-d1037.htm
https://www.razusport.cz/KRIMSON-KLOVER-Apres-Anyone-1-4-Zip-d1036.htm
https://www.razusport.cz/KRIMSON-KLOVER-Elevation-1-4-Zip-d864.htm
https://www.razusport.cz/Leki-Micro-Trail-Pro-red-black-neonyellow-d405.htm
http://www.svudnost.cz/index.aspx/detail-Vibrator_s_pouzdrem_HideAVibe_Chic/
http://www.svudnost.cz/index.aspx/skupina-Eroticke_postele__klece/str-1/sort-4/
http://www.svudnost.cz/index.aspx/detail-Vanocni_kostym_Santa_lady_pants_and_vest/
http://www.svudnost.cz/index.aspx/detail-Masturbator_Tenga_Air_Cushion_Cup/
http://www.svudnost.cz/index.aspx/detail-Navlek_na_penis_Stud_Extender_with_Support_ring/
https://www.lilian.cz/damska-halenka-k066-makover-ecrikremova/
https://www.lilian.cz/luxusni-damska-tanga-pleasure-state-krajkova/
https://www.lilian.cz/cerne-saty-s-dlouhym-rukavem-roberto-naldi-s-manzetami/
https://www.lilian.cz/podprsenka-moldovana-gaia-s-penovou-vyztuzi/
https://www.lilian.cz/damske-cerne-dvoudilne-plavky-s-push-up-plavkovou-podprsenkou-lavel/
https://eshop.pddesign.cz/tenzi-detailer-clean-upholstery/
https://eshop.pddesign.cz/tenzi-detailer-clean-engine/
https://eshop.pddesign.cz/tenzi-detailer-carnauba-spray/
https://eshop.pddesign.cz/tenzi-detailer-clean-leather/
https://eshop.pddesign.cz/tenzi-detailer-insect-remover/
https://www.poctiva-litina.cz/eshop/631/smaltovana-litinova-panev-queen-line-prumer-24-cm-s-poklici-vaha-5-kg.html
https://www.poctiva-litina.cz/eshop/588/smaltovana-litinova-forma-ve-tvaru-srdce-queen-line-prumer-15-cm-objem-013-litru-vaha-05-kg.html
https://www.poctiva-litina.cz/eshop/634/litinovy-hmozdir-queen-line-prumer-11-cm-plus-miska-95-cm-plus-palicka-84-cm-nesmaltovane-vaha-17-kg.html
https://www.poctiva-litina.cz/eshop/587/smaltovany-litinovy-pekac-queen-line-prumer-32-cm-objem-37-litru-vaha-4-kg.html
https://www.poctiva-litina.cz/eshop/586/smaltovany-litinovy-pekac-queen-line-prumer-30-cm-objem-26-litru-vaha-3-kg.html
https://shop.kvis.eu/rousky/20575-rouska-tvarovana.html
https://shop.kvis.eu/tricka-kratky-rukav/20458-pensiero-2-sv-modra-seda.html
https://shop.kvis.eu/tricka-kratky-rukav/20459-pensiero-2-tm-modra-seda.html
https://shop.kvis.eu/rousky/20573-rouska-s-prekladem.html
https://shop.kvis.eu/rousky/20572-rouska-dvouvrstva.html
http://www.zdravotnickepotrebyaxmia.cz/produkt/mobiderm/
http://www.zdravotnickepotrebyaxmia.cz/kategorie/antidekubitni-program/
http://www.zdravotnickepotrebyaxmia.cz/produkt/mobiderm-podlozka/
http://www.zdravotnickepotrebyaxmia.cz/produkt/sedacka-pres-vanu-s-madlem-a-prisavkami/
http://www.zdravotnickepotrebyaxmia.cz/produkt/sedacka-zavesna-bez-operadla/
https://kvetinyexpres.cz/bile-ruze-avalenche-cokoladove-srdce
https://kvetinyexpres.cz/drevena-darkova-bedanka-ovoce-cokolada-vino
https://kvetinyexpres.cz/narozeninova-kytice-marshmallow
https://kvetinyexpres.cz/casali-del-barone-barbera-piemonte
https://kvetinyexpres.cz/chateau-la-fuie-saint-bonnet-medoc
https://www.diatop.cz/sunroot-topinambur/candy-ovocna/
https://www.diatop.cz/eshop/sezam-protein/
https://www.diatop.cz/sunroot-topinambur/dzem-brusinka/
https://www.diatop.cz/raw/
https://www.diatop.cz/eshop/ostropestrec-mouka/
https://www.liot.cz/soucasna-kolekce/objednat-motiv-sporm/
https://www.liot.cz/soucasna-kolekce/objednat-motiv-spin/
https://www.liot.cz/batohy-klobouky-satky/klobouk--storms-xi/
https://www.liot.cz/batohy-klobouky-satky/satek--storms-xiii/
https://www.liot.cz/batohy-klobouky-satky/satek--storms-xii/
https://www.spoilercentrum.cz/produkty/nerez-chrom-listy-predni-masky-volkswagen-passat-b8/
https://www.spoilercentrum.cz/produkty/alu-kryt-motoru-a-prevodovky-volkswagen-t5-caravelle-multivan-transporter-id1652-2333-5806-1/
https://www.spoilercentrum.cz/produkty/skoda-octavia-rs-tuning-benet-body-kit/
https://www.spoilercentrum.cz/produkty/egr-rolltrac-elektricky-kryt-korby-ford-ranger-t6-wildtrak-doublecab/
https://www.spoilercentrum.cz/produkty/striska-stresni-spoiler-monte-carlo-skoda-fabia-iii-lakovany-6v6827939/
https://kliczdravi.cz/produkt/reishi-50-ve-vysoke-koncentraci/
https://kliczdravi.cz/kategorie-produktu/rousky/
https://shop.charlie-rybarskecentrum.cz/obuv-hunter-special-zelena-doprodej/
https://shop.charlie-rybarskecentrum.cz/lanko-jaxon-micro-plus-3kg-6kg-9kg-13kg/
https://shop.charlie-rybarskecentrum.cz/meva-ardent-2171-plynovy-teplomet-1-1kw/
https://shop.charlie-rybarskecentrum.cz/holinky-lemigo-grenlander-862-eva/
https://shop.charlie-rybarskecentrum.cz/brodici-kalhoty-prsacky-grand-chest-waders/
http://www.kledu.cz/kategorie/led-zarivky/led-nano-zarivka-t8-18w-2150lm-120cm-studena/
http://www.kledu.cz/kategorie/led-autozarovky/led-autozarovka-1led-12v-t5-modra-2ks/
http://www.kledu.cz/kategorie/led-zarovky/zavit-e27/premiova-led-zarovka-e27-samsung-cipy-11w-1055lm-tepla-5-let/
http://www.kledu.cz/kategorie/led-reflektory/premiovy-ultratenky-led-reflektor-20w-1600lm-samsung-cipy-cerny-studena/
http://www.kledu.cz/kategorie/pohybova-cidla/venkovni-pohybove-cidlo-bile/
https://ponozky-batex.cz/pracovn%C3%AD-od%C4%9Bvy/96-bl%C5%AFza-cxs-sirius-nik%C3%A9-d%C3%A1msk%C3%A1-%C5%A1edo-zelen%C3%A1.html
https://ponozky-batex.cz/ochrann%C3%A9-pracovn%C3%AD-pom%C5%AFcky/80-bl%C5%AFza-cxs-sirius-lucius-p%C3%A1nsk%C3%A1-%C5%A1edo-zelen%C3%A1.html
https://ponozky-batex.cz/thermo-ponozky/29-expedition-trekking-bilafialova.html
https://ponozky-batex.cz/thermo-ponozky/24-mountain-trekking-extreme-sedazelena.html
https://ponozky-batex.cz/thermo-ponozky/40-mountain-trekking-extreme-sedamodra.html
https://www.styl-nabytek.cz/202-zavesne-svetlo-kovove-p.html
https://www.styl-nabytek.cz/nabytek-z-masivu/175-zrcadlo-kulate-p.html
https://www.styl-nabytek.cz/kancelarske-studentske-zidle/167-detska-zidle-q-g2-zelena-cerna-p.html
https://www.styl-nabytek.cz/170-stinidlo-na-svetlo-vita-p.html
https://www.styl-nabytek.cz/203-zavesny-led-lustr-p.html
http://saskia.cz/v-pac-d-xlr-power-adapter-cable-4-pin-xlr-f-to-anton-bauer-powertap
http://saskia.cz/7-tft-lcd-monitor-s-hdmi-vstupem-a-s-adapterem-pro-canon-lp-e6-baterii
http://saskia.cz/blackmagic-pocket-camera-z-finder
http://saskia.cz/ochranne-sklo-5900-k-pruzracne-pro-visatec-solo-400-400-b-800-800-b-1600-b-logos-800-rfs-1600-rfs
http://saskia.cz/v-ps12-500-12vdc-500ma-regulated-power-supply-w-coax-plug
https://www.rc-kmodel.cz/POWER-racing-SRC-4WD-plne-proporcionalni-az-36-km-h-prevodovka-kulickova-loziska-RTR-d4432.htm
https://www.rc-kmodel.cz/AMX-Rock-RCX10PS-2-4-Ghz-PROFI-s-uzaverkami-1-10-RTR-a-portalovymi-napravami-2-rychlosti-d4494.htm
https://www.rc-kmodel.cz/STUNT-CAR-RC-stavebnice-3v1-Mechanical-Master-2-4G-auto-robot-kostka-mechanicke-prevody-d4514.htm
https://www.rc-kmodel.cz/BRONCO-AMX-Rock-CRUISER-Crawler-4WD-1-10-proporcionalni-vodeodolny-LED-osvetleni-RTR-d4493.htm
https://www.rc-kmodel.cz/DEFENDER-AMXRock-CRUISER-Crawler-4WD-1-10-proporcionalni-vodeodolny-LED-osvetleni-RTR-d4492.htm
https://www.medpharma.cz/vitaminy-mineraly-specialni-pripravky/hot-drink-bylinny-200-g
https://www.medpharma.cz/mineraly-a-stopove-prvky/vapnik-600-mg-vitamin-d3-67-tobolek
https://www.medpharma.cz/vitaminy-mineraly-specialni-pripravky/gurmar-gymnema-skorice-morusovnik-chrom/
https://www.medpharma.cz/vitaminy-mineraly-specialni-pripravky/chitosan-500-mg-vitamin-c-skorice-chrom/
https://www.medpharma.cz/prirodni-kosmetika/orthoherba-gel-msm-glukosamin-boswellie
https://www.moon-kocarky.cz/trojkombinace/moon-set-nuova-kombi-2020-moss-grey
https://www.moon-kocarky.cz/trojkombinace/moon-kocarek-scala-chrom-vcetne-autosedacky-2020-black
