Notino,www.notino.cz,Do košíku
Lidl-shop.cz,www.lidl-shop.cz,Přidat do košíku
EVA.cz,www.eva.cz,Koupit
Lékárna.cz,www.lekarna.cz,Do košíku
Dr. Max lékárna,www.drmax.cz,Do košíku
Benu.cz,www.benu.cz,Koupit
Knihy Dobrovský,www.knihydobrovsky.cz,Do košíku
Kosmas.cz,www.kosmas.cz,Přidat do košíku
T.S.BOHEMIA a.s.,www.tsbohemia.cz,Přidat do košíku
Prozdravi.cz,www.prozdravi.cz, Přidat do košíku
Mironet.cz,www.mironet.cz,Koupit
Sportisimo,www.sportisimo.cz,Vložit do košíku
Parfemy.cz,www.parfemy.cz,Přidat do košíku
NejlevnějšíPNEU.cz,www.nejlevnejsipneu.cz,koupit
Dobré knihy,www.dobre-knihy.cz,Do košíku
Ahifi,www.ahifi.cz,Do košíku
RockPoint.cz,www.rockpoint.cz,Vložit do košíku
AlfaFIT,eshop.alfafit.cz,Přidat do košíku
PET-FOOD,pet-food.cz,Vložit do košíku
iMobily.eu,www.imobily.eu,Přidat do košíku
Ráj šití,www.raj-siti.cz,Do košíku
hodinky-365.cz,www.hodinky-365.cz,Přidat do košíku
cc-autodily.cz,www.cc-autodily.cz,Vložit do košíku
ZIVADA by Parfemy SP,www.parfemy-sp.cz,Do košíku
vsevyhodne.cz,www.vsevyhodne.cz,Do košíku
VÁŠ CHOVATEL,www.vaschovatel.cz,Přidat do košíku
Bonfood.cz,www.bonfood.cz,Přidat do košíku
Armed.cz,www.armed.cz,Koupit
Fitness007.cz,www.fitness007.cz,Vložit do košíku
Manutea.cz,www.manutea.cz,Do košíku
BazenyShop.cz,www.bazenyshop.cz,Do košíku
Puzzle-puzzle.cz,www.puzzle-puzzle.cz,Přidat do košíku
4fitness.cz,4fitness.cz,Do košíku
MořeLega.cz,www.morelega.cz,Přidat do košíku
Desigual – dsgl.cz,www.dsgl.cz,Přidat do košíku
Gamershouse.cz,www.gamershouse.cz,Přidat do košíku
Dogfitness.cz,obchod.dogfitness.cz,Do košíku
Yate.cz,www.yate.cz,Koupit
Black Insomnia Coffee,www.blackinsomnia.cz,Do košíku
Užitečnosti.cz,www.uzitecnosti.cz,Přidat do košíku
Comics Point,www.comicspoint.cz,Do košíku
DOLLER,www.doller.cz,Přidat do košíku
fischer-shop.cz,www.fischer-shop.cz,Do košíku
InstaxStore.cz,www.instaxstore.cz,Přidat do košíku
TOPNATUR,www.topnatur.cz,Do košíku
1981 Secondhand,www.1981.cz,Vložit do košíku
Revolution Hair,www.revolutionhair.cz,Do košíku
Adlerski,www.adlerski.cz,Přidat do košíku
www.slippsy.cz,www.slippsy.cz,Koupit
TIERRA VERDE s.r.o.,tierraverde.cz,Do košíku