,url,label
0,https://www.alfa-leky.cz/2869577-humer-hygiena-nosu-100-morska-voda-pro-deti-150ml,True
1,https://www.rustak.cz/pevne-zdravi,False
2,https://www.5xl.cz/boxerky,False
3,https://www.stample.cz/Charles-Chaplin-Ondrej-Suchy-1x-kniha-bazarova-6x-DVD-d44191.htm,True
4,https://www.marines-shop.com/obal-na-karimatku-therm-a-rest-z-lite-vz-95/,True
5,https://www.inhair.cz/Trend-Up-Remedy-sampon-pro-poskozene-vlasy-1000-ml-d2601.htm,True
6,https://www.kosmas.cz/knihy/222416/rada-vacatko-jeho-hrisni-lide/,True
7,https://www.istuff.cz/gameboy-gamebox-500-her/,True
8,https://www.alfa-leky.cz/3796142-nurofen-200mg-emp-med-2ks,True
9,https://www.rustak.cz/priroda-nebo-chemie,False
10,https://www.stample.cz/Denik-princezny-2-Kralovske-povinnosti-DVD-d15082.htm,True
11,https://www.czkoupelna.cz/atlanta-90x90-ctvercovy-sprchovy-kout-s-vanickou-z-liteho-mramoru/,True
12,https://www.rustak.cz/reklamace-a-vraceni-zbozi,False
13,https://www.kosmas.cz/knihy/285742/mazej-ven/,True
14,https://www.prehozydeky.cz/kvalitni-spanelsky-prehoz-na-jednoluzkovou-postel-s-1-povlakem-na-polstar/,True
15,https://www.profipotraviny.cz/mleta-masa-100g/,True
16,https://www.bodyguru.cz/stojany-na-cinky-a-zavazi/stojan-nastavitelny/,True
17,https://www.rustak.cz/login,False
18,https://www.istuff.cz/elektricka-kolobezka-kugoo-s1-pro/,True
19,https://www.kosmas.cz/knihy/271034/vlci-ruze/,True
20,https://www.prehozydeky.cz/levna-crossbody-korkova-kabelka-pro-divky/,True
21,https://www.profipotraviny.cz/ryze-adzuki-lnene-seminko-3kg/,True
22,https://www.alfa-leky.cz/3942282-avicenum-p-70-punc-lyt-39-41-telova,True
23,https://www.5xl.cz/triko-dlouhy-rukav?page=2,False
24,https://www.inhair.cz/PLETOVA-KOSMETIKA-g31883.htm,False
25,https://www.rustak.cz/#,False
26,https://www.istuff.cz/ocelovy-tah-reminek-apple-watch-42-44mm-2/,True
27,https://www.prehozydeky.cz/luxusni-spanelska-detska-deka-pro-miminka-deka-z-mikrovlakna/,True
28,https://www.kosmas.cz/knihy/285773/agnessa/,True
29,https://eshop.hany.cz/nabizime/swissbella/zdravotni-matrace-bella-plus.htm,True
30,https://www.stample.cz/Ohnem-a-mecem-1-2-Henryk-Sienkiewicz-2x-kniha-bazarova-2x-DVD-d46037.htm,True
31,https://www.inhair.cz/Medavita-Blondie-Ice-Blondes-sampon-pro-studene-blond-vlasy-250-ml-d2485.htm,True
32,https://www.marines-shop.com/tasmanian-tiger-tacvec-container-carbon/,True
33,https://www.istuff.cz/zadni-tvrzene-sklo-pro-iphone-x-xs-xr-xs-max/,True
34,https://www.prehozydeky.cz/televizni-deka-mikroplys-prehoz-na-postel-3/,True
35,https://www.kosmas.cz/knihy/224774/manzelova-zena/,True
36,https://www.stample.cz/Kvet-pouste-Waris-Dirie-Cathleen-Miller-1x-kniha-bazarova-DVD-d46336.htm,True
37,https://www.istuff.cz/kabel-lightning-pro-apple/,True
38,https://www.bodyguru.cz/hrazdy/stacionarni-hrazda-bradla/,True
39,https://www.profipotraviny.cz/kmin-mlety-250g/,True
40,https://www.prehozydeky.cz/luxusni-korkova-kabelka-do-ruky-montado-modra/,True
41,https://www.5xl.cz/plavky,False
42,https://www.czkoupelna.cz/ross-luxury-95x190-cm-jednokridle-sprchove-dvere-91-5-96-5-cm/,True
43,https://www.detskeboty.cz/keen-moxie-quiet-green-aqua-sea.htm,True
44,https://www.5xl.cz/tilka-natelniky,False
45,http://www.mitaka.cz/detail/retezove-kolecko-ktm-sx-125-530-3,True
46,https://www.mavez.cz/PODESTYLKA-c16_200_2.htm,False
47,https://www.profipotraviny.cz/smes-na-americke-brambory-500g/,True
48,https://www.marines-shop.com/tasmanian-tiger-bladder-pouch-olive/,True
49,https://www.5xl.cz/topy,False
50,https://www.ledprofesional.cz/LED-Panel-podhledovy-ctverec-4W-tepla-bila-d55.htm,True
51,"http://www.sestavypc.cz/osmijadro-amd-fx-8320e,-octo-core,-3.20ghz--8gb-ram--1tb-hdd--hd3200,496.html",True
52,http://shop.merret.cz/vychozi-kategorie/522-omc-8000-15-00.html,True
53,http://www.mitaka.cz/detail/vzduchovy-filtr-honda-cr-250-2,True
54,https://www.ledprofesional.cz/LED-pasek-SMD-2835-140led-24V-13-5W-1820lm-6000K-IP20-Ra80-d185.htm,True
55,https://www.luftuj.cz/cookies/,False
56,https://www.czkoupelna.cz/filtracni-kartuse-sa-a50-mcr-pro-filtr-senior-10-/,True
57,https://www.stample.cz/6-DVD-Rocky-kolekce-1-6-slim-DVD-bazarove-zbozi-d45631.htm,True
58,https://www.key4you.cz/produkt/detaily/107-minecraft/,True
59,https://www.nishikigoi.cz/katalog/cz/vse-pro-jezirka/pece-o-vodu/likvidace-ras/vlaknite-rasy/produkt/fadenalgenfrei-f,True
60,https://www.luftuj.cz/clanky/rekuperator-a-ucinnost-rekuperace/,False
61,http://www.postele-betler.cz/povleceni/luxusni-satenove-povleceni-grafit,True
62,https://www.czkoupelna.cz/venezia-80-koupelnova-skrinka-s-keramickym-umyvadlem/,True
63,https://www.limosky.cz/premium/,False
64,https://www.inhair.cz/MedaVita-Beta-Refibre-kosmeticka-sada-pro-poskozene-vlasy-d2644.htm,True
65,http://www.mitaka.cz/detail/duse-mrp-21,True
66,https://www.luftuj.cz/vyrobci/mandik-a-s/,False
67,https://www.imobily.eu/adata-s102-pro-usb-32-flash-drive-5779.html,True
68,https://www.luftuj.cz/co-pro-vas-zajistime/,False
69,https://www.ledprofesional.cz/LED-pasek-SMD-2835-144led-12V-13-5W-1820lm-3000K-IP20-Ra80-d186.htm,True
70,https://www.limosky.cz/energeticke-napoje/bomba-cherry/,True
71,https://www.luftuj.cz/clanky/nove-fotostudio-a-tiskova-farma/,False
72,http://shop.merret.cz/omm-323rs/225-omm-323rs-01.html,True
73,https://www.ledprofesional.cz/LED-profil-MIKRO-WIDE-IN-d105.htm,True
74,https://www.limosky.cz/napoje-bad-brambacher/6ks-0-5l-pet-holunder-cerny-bez/,True
75,https://www.detskeboty.cz/plastenka-pidilidi-pl45-modra.htm,True
76,https://www.ledprofesional.cz/LED-profil-MIKRO-WIDE-UP-d106.htm,True
77,http://www.postele-betler.cz/doplnky/prosita-kapsa-pro-dalkovy-ovladac,True
78,https://www.poctivedvere.cz/dvere-vchodove-k8s0/,True
79,https://www.profipotraviny.cz/gril-s-medvedim-cesnekem-500g/,True
80,https://www.imobily.eu/garmin-forerunner-45-black-eco-box-18114.html,True
81,https://www.alfa-leky.cz/4530508-3m-futuro-bederni-pasnexcare-coldhot-obklad-darek,True
82,https://www.gamehouse.cz/b-17-letadlo-fleg-na-dalkove-ovladani/,True
83,http://www.mitaka.cz/category/vata-vyfuku,False
84,https://www.krbarna.cz/krbova-kamna-victoria-elegant/,True
85,https://www.aloelanzarote.cz/vinotherapie/hydratacni-telove-mleko-z-hroznu/,True
86,https://www.limosky.cz/energeticke-napoje/bomba-classic/,True
87,https://www.aloelanzarote.cz/vinotherapie/krem-proti-starnuti-pleti-s-hroznovym-vinem-a-aloe-vera/,True
88,https://www.imobily.eu/powercolor-amd-radeon-rx-5500-xt-oc-8gb-axrx-5500-xt-8gbd6-dh-oc-18206.html,True
89,https://www.czkoupelna.cz/bk-er-600-x-1680-mm-koupelnovy-topny-zebrik/,True
90,https://www.bodyguru.cz/fitness-stroje-a-naradi/bradla-na-zed-2/,True
91,https://www.krbarna.cz/trubka-200-1000-1-5-mm/,True
92,http://www.mitaka.cz/detail/sada-valce-honda-crf-250-1,True
93,https://www.gamehouse.cz/switch-story-of-seasons-pioneers-of-olive-town/,True
94,https://www.limosky.cz/napoje-bad-brambacher/0-5l-pet-ace-orange/,True
95,https://www.nishikigoi.cz/katalog/cz/vse-pro-jezirka_11/ozonizatory_669/produkt/ozon-uv-c-redox-vysokotlaka-verze,True
96,https://eshop.hany.cz/nabizime/vyprodej/nocni-stolek-ondra.htm,True
97,https://www.key4you.cz/produkt/detaily/7793-iratus-wrath-of-the-necromancer/,True
98,https://www.lifestar.cz/ostropestrec-mariansky/bylinna-smes-pri-nadvaze/,True
99,https://www.krbarna.cz/sporak-na-tuha-paliva-s-teplovodnim-vymenikem-victoria-b/,True
100,https://www.pohonnavrata.cz/Dalkovy-ovladac-sedy-d66.htm,True
101,http://shop.merret.cz/vychozi-kategorie/565-omc-8000-8di-10dor-0-00.html,True
102,https://www.poctivedvere.cz/dvere_ik3vs0/,True
103,https://www.krbarna.cz/krbova-kamna-victoria-toledo/,True
104,https://www.detskeboty.cz/detske-gumaky-befado-162-p-103.htm,True
105,https://www.aloelanzarote.cz/ochrana-proti-slunci/bifazicky-kondicioner-s-aloe-vera/,True
106,https://www.alfa-leky.cz/4542131-vivadiag-sars-cov-2-ag-rapid-test-25ks,True
107,http://www.postele-betler.cz/povleceni/luxusni-satenove-povleceni-champagne,True
108,https://www.notino.cz/the-library-of-fragrance/baby-powder-kolinska-voda-unisex/,True
109,https://www.detskeboty.cz/sportovni-pytel-na-zada-coocazoo-rocketpocket--lime-district.htm,True
110,https://www.aloelanzarote.cz/darkova-baleni/aloe-vera-darkovy-balicek-4/,True
111,https://www.imobily.eu/media-sanex-laianzhi-kp302-respirator-ffp3-1ks-bal-16531.html,True
112,https://www.krbarna.cz/redukce-120mm-130mm/,True
113,https://www.gamehouse.cz/xone-dirt-5/#top,True
114,http://www.postele-betler.cz/luzkoviny/prikryvka-every-san-family,True
115,https://www.lifestar.cz/echinacea/pm-propolis-echinacea-50-tablet-2/,True
116,https://www.key4you.cz/hry/xbox-360/rpg/,False
117,http://www.postele-betler.cz/matrace/matrace-betler-g740,True
118,https://www.lifestar.cz/ostropestrec-mariansky/ostropestrecova-kase-s-hlivou-okhi-100-ml-2/,True
119,https://www.key4you.cz/faq-casto-kladene-dotazy/,False
120,https://www.lifestar.cz/ebook/jak-zhubnout-jednou-provzdy/,True
121,https://www.imobily.eu/samsung-galaxy-s6-edge-g925-32gb-gold-platinum-18089.html,True
122,https://www.key4you.cz/produkt/detaily/7798-crusader-kings-iii-northern-lords/,True
123,https://www.spectoys.cz/detske-batohy/detsky-batuzek-vazka/,True
124,https://www.lifestar.cz/echinacea/imunit-echinacea-kapky-extrakt-z-korene-100-ml/,True
125,https://www.mavez.cz/NADOBY-NA-GRANULE-c8_275_3.htm,False
126,http://www.eshop-borabaits.cz/,False
127,https://www.gamehouse.cz/qnap-ts-130/,True
128,https://www.nishikigoi.cz/aktuality,False
129,https://prislusenstvi.protoi.cz/bluetooth-sluchatka-moreblue,True
130,http://www.eshop-borabaits.cz/method-mix-feeder/,False
131,https://prislusenstvi.protoi.cz/lcd-powerbanka-wave,True
132,https://www.gamehouse.cz/xone-dirt-5/,True
133,https://www.carforkids.cz/detail/detske-nakladni-auto-licencni-mack-trucks-s-2-4g-dalkovym-ovladacem-cerven,True
134,https://www.pozarni-zbozi.cz/eshop-casomira-pro-pozarni-sport-sada-150.html,True
135,https://www.aloelanzarote.cz/pece-o-plet/pletovy-gel-s-aloe-vera/,True
136,https://www.carforkids.cz/detail/detske-el-auticko-land-rover-defender-s-2-4g-do-cerna,True
137,https://www.pozarni-zbozi.cz/eshop-spolecenska-hra-horiiii.html,True
138,https://editsimon.cz/styling/136-maska-maria-nila-sheer-silver-250-ml.html,True
139,https://www.spectoys.cz/logicke-hry-a-hlavolamy/montessori-hracka-zlepsujici-logiku/,True
140,http://www.cejlonskycaj.cz/basilur-bouquet-cream-fantasy-zeleny-caj-jahody-vanilka-7316-25x-1-5g,True
141,https://www.spectoys.cz/plastove-stavebnice/magneticka-stavebnice/,True
142,https://editsimon.cz/vitaminy-a-doplnky/171-kartac-pro-mokre-vlasy-tangle-teezer-wet-detangler-millenial-pin-5060173376239.html,True
143,https://prislusenstvi.protoi.cz/kancelarske-kreslo-samuraj-sl-1,True
144,https://www.inhair.cz/salerm-21/1042-salerm-sampon-salerm-21-8420282034654-html,True
145,https://www.pohonnavrata.cz/Pohon-pro-jednokridlova-vrata-A3-De-Luxe-d50.htm,True
146,https://prislusenstvi.protoi.cz/powerbanka-s-displejem-a-led-podsvicenim,True
147,https://www.poctivedvere.cz/dvere_ik10s2/,True
148,https://prislusenstvi.protoi.cz/bluetooth-sportovni-sluchatka,True
149,https://www.moda-store.cz/nizke/68698-542042-lois-jeans-scarpe-bambino-azzurro.html,True
150,https://www.gymjewels.cz/collections/frontpage/products/naramek-s-lavovymi-kameny-a-modrym-koralkem,True
151,https://eshop.ballfantasy.cz/aromalampy/,False
152,https://www.bike-ski-sport.cz/mrx-helix-29--slx-2x11/,True
153,http://shop.merret.cz/19-om-502pm,False
154,https://www.pozarni-zbozi.cz/eshop-hadice-c42-flammenflex-g-19-7m-s-protocenou-kovanou-spojkou.html,True
155,http://www.cejlonskycaj.cz/basilur-leaf-region-randella-zeleny-caj-7314-25x-2-5g,True
156,https://eshop.ballfantasy.cz/fotoramecky/,False
157,http://www.cejlonskycaj.cz/20-sacku,False
158,https://eshop.gastronovotny.cz/kapsle-de-roccis-cremoso--nespresso-10ks--6571/,True
159,http://www.cejlonskycaj.cz/basilur-premium-earl-grey-cerny-caj-bergamot-3882-25x-2g,True
160,https://www.gymjewels.cz/collections/fitness-naramky-s-cinkou/products/naramek-fit-life-stribrno-cerne-koralky,True
161,https://www.poctivedvere.cz/dvere_ik3s0/,True
162,http://shop.merret.cz/om-402uni/124-om-402uni-10200101.html,False
163,https://www.nishikigoi.cz/katalog/cz/akce_878/darkove-poukazy_780/produkt/darkovy-poukaz-5000-kc,False
164,"http://www.sestavypc.cz/vykonne-intel-core-i3-4170,-dual-core,-3.70ghz--8-gb--1tb-hdd--w10-pro,498.html",True
165,https://www.spectoys.cz/drevene-hracky/doktorska-sada-drevena/,False
166,https://www.bike-ski-sport.cz/blatnik-sks-shockboard/,True
167,https://www.marines-shop.com/adventure-food-dehydrovane-jidlo-gulas--masove/,True
168,https://www.spectoys.cz/plastove-stavebnice/magneticka-stavebnice-domecky/,True
169,https://www.carforkids.cz/detail/detske-elektricke-auticko-kuba-retro-mini-s-2-4g-do-plynulym-rozjezdem-bezove,True
170,https://www.pozarni-zbozi.cz/eshop-hrnek-plechacek-s-potiskem-hasice-smaltovy.html,True
171,https://www.bike-ski-sport.cz/odrazedlo-bibi-fialove/,True
172,https://www.mavez.cz/Brit-Fresh-Turkey-with-Pea-Adult-Fit-Slim-2-5kg-d24252.htm,True
173,https://www.pozarni-zbozi.cz/eshop-zasahova-obuv-brandbull-006.html,True
174,https://eshop.ballfantasy.cz/svicen-nebo-vaza-tyrkys/,True
175,http://www.cejlonskycaj.cz/30-sacku,False
176,https://pantershop.cz/index.php?id_product=1010065&id_product_attribute=0&rewrite=CABLE-PTT-6-1&controller=product,True
177,https://www.pohonnavrata.cz/Elektricky-zamek-kridlove-brany-d64.htm,True
178,https://eshop.ballfantasy.cz/misy-2/,False
179,https://www.topautodrahy.cz/kategorie-produktu/autodrahy-retro/ovladace-na-retro-autodrahy/ovladace-od-faro/,False
180,https://www.carforkids.cz/detail/plysovy-tukan,True
181,http://www.zdraveaktivne.cz/xylitol-brezovy-cukr/,True
182,https://eshop.ballfantasy.cz/konvicka-na-mleko/,False
183,https://www.silkferries.cz/#tab-rtenky-293,False
184,https://www.gymjewels.cz/collections/frontpage/products/naramek-lavove-kameny-se-stribrnym-lvem,True
185,http://www.zdraveaktivne.cz/prostredek-na-myti-nadobi-malina-feel-eco-1000ml/,True
186,https://www.notino.cz/revolution-skincare/blemish-collection-kosmeticka-sadapro-mastnou-a-problematickou-plet/,True
187,https://www.gymjewels.cz/collections/frontpage/products/naramek-warrior-zlaty,True
188,https://www.bike-ski-sport.cz/ctm-bora-1-0-2018-cerne-tyrkysove-zelene/,True
189,https://www.gymjewels.cz/collections/frontpage/products/naramek-lavove-kameny-s-sedou-korunou,True
190,https://www.nishikigoi.cz/katalog/cz/vse-pro-jezirka_11/leciva_767/produkt/doprava-koi-az-do-jezirka,True
191,https://www.poctivedvere.cz/sklenena-vypln-cincila-bronz/,True
192,http://www.zdraveaktivne.cz/sirup-cerny-rybiz-0-5-l/,True
193,https://editsimon.cz/vitaminy-a-doplnky/94-sugarbearhair-women-s-multi-850000320079.html,True
194,http://www.zdraveaktivne.cz/panela-susena-trtinova-stava-bio/,True
195,https://www.carforkids.cz/detail/detske-elektricke-auticko-licencni-vw-golf-gti-slozena-cervena,True
196,https://www.mavez.cz/MAKETA-TRANSPORTNI-PRO-FIGURANTA-d11327.htm,True
197,https://editsimon.cz/vitaminy-a-doplnky/174-2v1-gumicka-do-vlasu-se-stuhou-invisibobble-wrapstar-machu-peachu-4260285395468.html,True
198,https://www.silkferries.cz/,False
199,https://www.mavez.cz/MISKY-RUFFWEAR-c8_1087_4.htm,False
200,https://www.notino.cz/collistar/mascara-infinito-rasenka-pro-objem-a-natoceni-ras/,True
201,https://eshop.gastronovotny.cz/grilovaci-deska--ftlr-76et-lotus--2008060632/,True
202,https://www.ksiry.cz/vyrobky-pro-psy,False
203,https://www.leknihy.cz/Seznamka-DVD-plast-d358594.htm,True
204,https://pantershop.cz/index.php?id_product=3400122&id_product_attribute=3400345&rewrite=ARGENTUM-520-&controller=product#/3400345-varianta-argentum_520_black,True
205,https://www.pohonnavrata.cz/GSM-spinac-ovladani-mobilem-iQGSM-R1-az-10-uzivatelu-SIM-zdarma-d29.htm,True
206,https://www.topautodrahy.cz/kategorie-produktu/autodrahy-retro/ovladace-na-retro-autodrahy/repas-ovladace-s-koncovkou-ites-gonio-faro/,False
207,https://www.mojelatky.cz/Ginko-lamino-d56313.htm,True
208,http://www.zdraveaktivne.cz/paprika-ostra-bio-50-g/,True
209,https://www.eletronika.cz/Kuchynske-nacini-c1202_240_3.htm,False
210,https://www.perfectnails.cz/p/elastic-hard-gel-clear-15ml/,True
211,https://www.mojelatky.cz/show-free.htm?fid=50,False
212,https://www.bike-ski-sport.cz/mrx-limax-29--nx-eagle-1x12/,True
213,http://www.eshop-borabaits.cz/patriot/q-liver-tekuty-jatrovy-extrakt/,True
214,https://www.marines-shop.com/strelecke-bryle-oakley-si-gascan-multicam-black-polarizacni/,True
215,https://www.pohonnavrata.cz/Dalkovy-ovladac-d13.htm,True
216,https://www.leknihy.cz/Bozsky-Bruce-DVD-plast-d65895.htm,True
217,https://www.moda-store.cz/obleceni-a-moda/68193-231767-panske-polo-triko-gant-bile.html#/34657-size-s,True
218,https://www.mojelatky.cz/Lilkove-srdce-na-karu-fialova-d49681.htm,True
219,http://www.eshop-borabaits.cz/method-mix-feeder/turbo-carp-1kg/,True
220,https://www.bodyguru.cz/hrazdy/nastenna-hrazda-start-2/,True
221,https://promo-pneumatiky.cz/superia-ecoblue-4s-195-55r16-91v-xl-p695052,True
222,https://www.leknihy.cz/Moreplavec-Stephen-Baxter-d318226.htm,True
223,https://www.mojelatky.cz/Fleece-antipilling-zelena-listova-d58378.htm,True
224,http://www.dobrebaleni.cz/kategorie/do-ceho-balim/stretch-folie/rucni-stretch-folie/minirole-granaty-stretch-folie/,False
225,https://www.leknihy.cz/Kolekce-Barbie-d1884.htm,True
226,https://www.ksiry.cz/vyrobky-pro-psy/postroje-pro-psy/pullingove,False
227,https://www.detskeboty.cz/lurchi-33-37000-48.htm,True
228,https://www.ceske-sperky.cz/Ametyst-prirodni-stribrny-privesek-2-d13651.htm,True
229,http://www.prodejnakol.eu/cyklokomponenty/brzdy/kotoucove-brzdy/brzdove-desticky-ds10-detail,True
230,http://www.altronik.cz/dalkove-ovladani-mascom-mc-2000-bez-pvr/,True
231,https://www.mojelatky.cz/Viskoza-a-len-palmove-listy-taupe-d57731.htm,True
232,https://www.leknihy.cz/Anglictina-pro-zacatecniky-Ludmila-Kollmannova-d356287.htm,True
233,https://www.levnepostriky.cz/chovatelske.potreby/krmivo.pro.psy/eminent.lamb.rice,True
234,https://eshop.gastronovotny.cz/kavovar-nivona--nicr-1030--871030/,True
235,https://www.perfectnails.cz/p/lavosept-r-roztok-dezinfekce-200-ml-aroma-trnka/,True
236,http://www.prodejnakol.eu/cyklokomponenty/kliky-trojprevodnik-shi-m980-175-42-32-24-detail,True
237,http://www.pcvcomp.cz/ubnt-powerbeam-5ac-gen2-venkovni-5ghz-ac-2x-25dbi-gigabit-lan-airmax-ac_d226608.html,True
238,http://www.eshop-borabaits.cz/borabaits-obleceni/,False
239,https://www.babykoutek.cz/produkty/penove-puzzle/eva-penove-puzzle-tmave-zelena-barva-1-ks-60x60x2-cm,True
240,https://www.silkferries.cz/blog-silkferries/,False
241,https://www.ceske-sperky.cz/Privesek-z-bileho-zlata-14-ct-synteticky-akvamarin-vaha-1-20-g-d11641.htm,True
242,https://promo-pneumatiky.cz/hifly-b1610,False
243,https://www.emporo.cz/c/7537/podpery,False
244,https://www.ceske-sperky.cz/Detske-nausnice-z-bileho-zlata-585-1000-VE-175-pink-d10912.htm,True
245,https://www.levnepostriky.cz/textilie.a.folie/sit.proti.krtkum.a90,True
246,https://www.perfectnails.cz/p/active-clear-gel-15gr/,True
247,https://www.emporo.cz/article/118/velikosti,False
248,https://eshop.gastronovotny.cz/vyrobnik-kuzeloveho-ledu-barline-b3008-ws--793008ws/,True
249,https://www.iskay.cz/pametni-sperky/,False
250,https://www.elspok.cz/Lozni-povleceni-DITA-Ignacio-d73742.htm,True
251,https://www.moda-store.cz/nizke/48350-538582-pepe-jeans-scarpe-uomo-pms30331-tokio-559-dark-denim.html#/34913-velikost-41/34888-barva-modra,True
252,https://www.emporo.cz/,False
253,https://www.notino.cz/yves-rocher/argan-rose-sprchovy-olej/,True
254,https://www.levnepostriky.cz/cistici.a.dezinfekcni.prostredky/prostredky.proti.plisnim,False
255,https://www.elspok.cz/Marimex-trampolina-s-ochranou-siti-305-cm-d76261.htm,True
256,https://editsimon.cz/olaplex/168-olaplex-no-0-intensive-bond-building-hair-treatment-896360028552.html,True
257,https://www.iskay.cz/stiraci-obrazky/,False
258,https://www.ksiry.cz/index.php?route=product/product&product_id=186,True
259,https://www.levnepostriky.cz/pripravky.proti.skudcum/biologicke/bio.plantella.lepove.desky.na.cibuli.a.cesnek,True
260,https://www.elspok.cz/Kulecnikovy-stul-pool-billiard-kulecnik-7-ft-zeleny-s-vybavenim-d1314.htm,True
261,https://www.inchema.cz/obchod/chemikalie/bazenova-chemie/odstranovac-zeleza-manganu-hnedych-skvrn-bazen/,True
262,https://www.emporo.cz/cart/content,False
263,https://www.iskay.cz/naramek/,False
264,https://www.belts.cz/objednani,False
265,https://www.ksiry.cz/elasticky-kurt-na-deku,True
266,https://www.ksiry.cz/index.php?route=product/category&path=67_65_69,False
267,https://www.shift.cz/kategorie/dle-typu/ctecky-a-klavesnice/ctecky-biometricke/,False
268,https://www.iskay.cz/sperky/nausnice-bily-kvet/,True
269,https://www.emporo.cz/c/11070/kontejnery-s-bocnim-vysypem,False
270,http://www.prodejnakol.eu/jizdni-kola/x-race-mustang-divci-detske-kolo-20-detail,True
271,https://www.belts.cz/damsky-kozeny-opasek-20-184-56-tmave-modry-sid-20-184-06-85-detail,True
272,https://www.komant.cz/Star-Wars-Omnibus-Vyslanci-a-zabijaci-d2129.htm,True
273,https://fitanu.com/cz/skarpetki-light-nosh-3pp-dz9414-adidas-4061626900606,True
274,https://www.levnepostriky.cz/pomocne.pripravky/lignocel,True
275,https://www.silkferries.cz/2020/06/,False
276,https://www.belts.cz/pansky-kozeny-spolecensky-opasek-s-trnovou-sponou-35-020-3-60-cerny-sid-p-35-020-3-60-85-detail,True
277,https://eulift.cz/vysokozdvizne-voziky/vysokozdvizne-voziky-rucne-vedene-elektricke/vysokozdvizne-voziky-rucni-elektricke-profi/vysokozdvizne-voziky-rucni-elektricke-profi-1600kg.html,True
278,http://www.pcvcomp.cz/tp-link-archer-c6-ac1200-wifi-dualband-router-5xgb-4x-antena_d261609.html,True
279,https://fitanu.com/cz/d-msk-obuv-jagger-wmn-1011103-74g-fila-8719477400962,True
280,https://www.iskay.cz/nahrdelniky-z-pryskyrice/privesek-snow-queen/,True
281,https://www.komant.cz/John-Buscema-3xConan-v-orig-folii-Barlow-d1454.htm,True
282,http://www.prodejnakol.eu/cyklo-obleceni-a-obuv/navleky/navleky-sidi-modre-vel-41-42-detail,True
283,https://www.ceske-sperky.cz/Detske-nausnice-bile-zlato-zirkon-sperky-zlate-NK-1349-d9882.htm,True
284,https://www.belts.cz/damsky-kozeny-opasek-30-191-50-sedy-sid-30-191-50-85-detail,True
285,https://www.komant.cz/Sandman-Predehra-d1744.htm,True
286,https://www.komant.cz/13-ze-Stare-ctvrti-d1289.htm,True
287,https://www.ceske-sperky.cz/Privesek-z-bileho-zlata-14-ct-synteticky-spinel-vaha-1-36-g-d11651.htm,True
288,https://www.belts.cz/nadmerny-pansky-kozeny-opasek-35-100-4-48-hnedy-sid-n-35-100-4-48-120-detail,True
289,https://www.luceda.cz/sestava-irys/,False
290,https://www.komant.cz/Trolli-valky-2-Skalp-plesatce-d2093.htm,True
291,https://promo-pneumatiky.cz/t-tyre-forty-one-185-60r14-82h-p606402,True
292,https://eulift.cz/nahradni-dily/nahradni-dily-na-rucni-vysokozdvizne-voziky/pruzina-oje-sdj.html,True
293,https://www.vrtule.org/vortex-14-1/2x18-4-rh,True
294,https://www.perfectnails.cz/p/elastic-gold-shine-gel/,True
295,https://www.elspok.cz/Vchodovy-pristresek-120-x-100-cm-d69974.htm,True
296,http://www.prodejnakol.eu/cyklocomputery-a-pulsometry/computer-5f-nemecko-detail,True
297,https://www.perfectnails.cz/p/lavosept-r-roztok-na-nastroje-ve-spreji-500-ml-aroma-trnka/,True
298,https://www.vrtule.org/cart.aspx?backURL=https%3a%2f%2fwww.vrtule.org%2f,False
299,https://www.vrtule.org/reklamacni-rad,False
300,https://altayka.cz/shop/masazni-strojky/masazni-strojek-pro-masaz-zad/,True
301,https://www.vrtule.org/apollo-14-1/8x20-4-rh,True
302,https://www.bozanbalic.cz/bozidara-pytlon-27x40-cm/,True
303,https://www.vrtule.org/motory,False
304,https://pantershop.cz/index.php?id_product=2100504&id_product_attribute=0&rewrite=11960&controller=product,True
305,https://www.elspok.cz/Foliovnik-200-x-350-cm-7-m2-bily-d71811.htm,True
306,https://www.inchema.cz/obchod/chemikalie/destilovana-voda/,True
307,http://www.jesy-obchod.cz/fc51-vlt-micro-drive/248-frekvencni-menic-037-kw.html,True
308,https://fitanu.com/cz/d-vc-jednod-ln-plavky-fit-suit-sol-y-gq1145-adidas-4064044019028,True
309,https://www.topautodrahy.cz/kategorie-produktu/autodrahy-retro/auticka-na-retro-autodrahy/auticka-faro-ites/,False
310,https://eulift.cz/technika-liion.html,False
311,https://www.opus.cz/pametni-desky-a-boxy/boxy-c-4887,False
312,https://www.admm.cz/motor-35,False
313,https://www.bozanbalic.cz/vegos/,False
314,https://pantershop.cz/index.php?id_product=1010042&id_product_attribute=0&rewrite=CEHS-AV-04&controller=product,True
315,https://www.beemy.cz/pece-o-dite/mushie-cleo-klip-na-dudlik-redwood/,True
316,https://www.eletronika.cz/Casove-spinace-c1197_293_4.htm,False
317,https://www.bozanbalic.cz/spytihnev-28x40-cm/,True
318,https://www.notino.cz/loreal-professionnel/steampod-30-parni-zehlicka-na-vlasy/,True
319,https://www.bozanbalic.cz/vceli-vosk/,False
320,https://www.luceda.cz/interier/predsinova-stena-s-calounenymi-panely-trinity-3-zluta/,True
321,http://www.jesy-obchod.cz/regulatory-otacek-pro-frekvencni-menice/267-dfa-10.html,True
322,https://eulift.cz/paletove-voziky/paletove-voziky-dlouhe/paletove-voziky-2000mm.html,False
323,https://www.silkferries.cz/2020/08/21/jak-nakoupit-parfem-ktery-opravdu-budete-nosit/,False
324,https://www.babykoutek.cz/produkty/sedaci-vaky/sedaci-vak-smart-univerzalni,True
325,https://altayka.cz/shop/pilniky/pilnik-na-chodidla-velky/,True
326,https://www.bozanbalic.cz/kvetoslava-40x40-cm/,True
327,http://www.jesy-obchod.cz/s-elektrickou-havarijni-funkci/48-gk24a-1.html,True
328,http://www.vinovnik.cz/tokaji-sargamuskotaly-feledes.html,True
329,https://www.inchema.cz/obchod/chemikalie/bazenova-chemie/likvidator-chloroveho-zapachu/,True
330,https://www.admm.cz/ovladaci-panel-19,False
331,https://altayka.cz/shop/hrebeny/hreben-pro-vsechny-typy-vlasu/,True
332,https://www.admm.cz/prevodovka-34,False
333,https://www.beemy.cz/vyprodej/cepice-light-blue--smouli/,True
334,https://promo-pneumatiky.cz/-p386402,True
335,https://eulift.cz/paletove-voziky/paletove-voziky-standardni/rychlozdvih.html,True
336,https://karlie.cz/kategorie-produktu/kuchynske-doplnky/dochucovadla/bbq-omacka/,False
337,https://www.admm.cz/prevodovka-28,False
338,http://www.vinovnik.cz/tokaji-eszencia-1993.html,True
339,https://biouly.cz/index.php?route=journal2/quickview&pid=310,True
340,https://www.topautodrahy.cz/kategorie-produktu/autodrahy-retro/ovladace-na-retro-autodrahy/ovladace-policar-pro-ites-autodrahu/,False
341,https://promo-pneumatiky.cz/petlas-explero-pt431-235-55r17-103v-xl-p700692,True
342,https://www.inchema.cz/obchod/chemikalie/selaky/selak-lemon/,True
343,https://www.moda-store.cz/kalhoty/74744-543358-sexy-woman-pantalone-donna-blu.html#/34888-barva-modra/34884-velikost-s,True
344,https://www.inchema.cz/obchod/chemikalie/bazenova-chemie/kyselina-chlorovodikova-solna/,True
345,http://www.vinovnik.cz/tokaji-forditas.html,True
346,https://karlie.cz/stitek-produktu/pro-rybare/,False
347,https://karlie.cz/kategorie-produktu/nadobi/litinove-nadobi/hrnce-ovalne/,False
348,https://altayka.cz/shop/pilniky/pilnik-na-chodidla-vykrojeny/,True
349,https://libinst.cz/kosik/,False
350,http://www.vinovnik.cz/tokaji-edes-szamorodni.html,True
351,https://biouly.cz/index.php?route=journal2/quickview&pid=223,True
352,https://karlie.cz/kategorie-produktu/spotrebice/,False
353,http://www.jesy-obchod.cz/detektor-koure/4-detektor-koure-vdk-10.html,True
354,https://www.eletronika.cz/iBox-SHPIP009B-sluchatka-nahlavni-souprava-Do-ucha-Cerna-d24777.htm,True
355,https://karlie.cz/stitek-produktu/vice-ucelove-pouziti/,False
356,https://www.beemy.cz/celenka-pro-miminka/,False
357,http://www.pcvcomp.cz/cambium-networks-nastavitelny-drzak-na-stozar-n000900l022a_d313218.html,True
358,https://www.beemy.cz/celenky/,True
359,https://www.luceda.cz/postele-rozmeru-160x200-cm/calounena-postel-molm-160x200-cm-tkanina--tmave-seda-/,True
360,http://www.vinovnik.cz/egri-leanyka.html,True
361,https://www.beemy.cz/obleceni/damske-teplakove-saty-s-kratkym-rukavem-dressy-grey/,True
362,https://altayka.cz/shop/masazni-strojky/univerzalni-masazni-strojek/,True
363,http://www.pcvcomp.cz/cambium-networks-poe-15-4w-56v-gbe-dc-injector-n000900l017a_d313189.html,True
364,http://www.jesy-obchod.cz/teplotni-cidla-atc-jesy/192-atc10-v-150.html,True
365,https://www.moda-store.cz/polobotky/68329-541338-timberland-sneakers-donna-grigio.html#/34923-velikost-36/34902-barva-seda,True
366,https://www.luceda.cz/matrace-v-rozmeru-190x80-cm/,False
367,https://pantershop.cz/index.php?id_product=2100042&id_product_attribute=0&rewrite=259&controller=product,True
368,http://www.altronik.cz/victron-bmv-712-sledovac-stavu-bluetooth/,True
369,https://www.opus.cz/kancelarske-doplnky/projekcni-platna-c-1006,False
370,https://www.luceda.cz/vyprodej-top-cena-v-cr/nahradni-hlavice-na-kartacek-oral-b-4-kusy/,True
371,http://www.pcvcomp.cz/yealink-exp43-rozsirujici-modul_d291066.html,True
372,https://www.shift.cz/detailsklk.aspx?sklk_id=BD01000101,True
373,https://biouly.cz/index.php?route=journal2/quickview&pid=213,True
374,https://fitanu.com/cz/juniorsk-kalhoty-pg-charm-regular-pants-0p8074-6105-o-neill-8719403833765,True
375,https://fitanu.com/cz/p-nsk-bunda-mountain-heavy-6gpb66pnr4z1450-ea7-8055180398265,True
376,https://www.eletronika.cz/Pampers-81687207-detska-uterka-480-kusu-d7880.htm,True
377,https://www.opus.cz/pravitko-a-noze-na-vysek-do-kalendare-pro-corner-cutter-p-2669,True
378,https://www.opus.cz/laminacni-folie-lamipouch-p-2910,True
379,https://libinst.cz/je-ovela-lahsie-hayeka-obdivovat-ci-kritizovat-nez-sa-ho-naozaj-snazit-pochopit/,True
380,https://biouly.cz/index.php?route=journal2/quickview&pid=161,True
381,https://libinst.cz/je-ovela-lahsie-hayeka-obdivovat-ci-kritizovat-nez-sa-ho-naozaj-snazit-pochopit/#respond,True
382,https://biouly.cz/index.php?route=journal2/quickview&pid=62,True
383,https://www.opus.cz/dratena-vazba-2-1/spotrebni-material-c-4912,False
384,https://www.inhair.cz/357-rr-line-argan-star,False
385,https://www.notino.cz/opalovaci-krem-na-oblicej/,False
386,https://pantershop.cz/index.php,False
387,https://www.aloelanzarote.cz/zdravi/,False
388,https://www.lifestar.cz/,False
389,https://www.stovkomat.cz/kategorie/audio-video,False
390,https://www.notino.cz/odliceni-oci/,False
391,https://promo-pneumatiky.cz/lassa-b1659,False
392,https://www.eletronika.cz/Chlazeni-c1197_76_4.htm,False
393,https://www.leknihy.cz/eroticke-filmy,False
394,https://promo-pneumatiky.cz/firemax-b1639,False
395,https://www.gamehouse.cz/b-17-letadlo-fleg-na-dalkove-ovladani/,True
396,https://www.topautodrahy.cz/kategorie-produktu/autodrahy-carrera/carrera-go/go-sety-carrera-go/,False
397,https://www.krbarna.cz/redukce-120mm-130mm/,True
398,"http://www.sestavypc.cz/osmijadro-amd-fx-8320e,-octo-core,-3.20ghz--8gb-ram--1tb-hdd--hd3200,496.html",True
399,https://www.inhair.cz/salerm-21/1042-salerm-sampon-salerm-21-8420282034654-html,True
400,https://prislusenstvi.protoi.cz/lcd-powerbanka-wave,True
401,http://www.postele-betler.cz/drevene-postele/,False
402,http://www.jesy-obchod.cz/7-prevodniky-signalu-proudove-zesilovace-galvanicke-oddeleni,False
403,https://www.bike-ski-sport.cz/rock-machine-catherine-crb-30-29-gloss-light-mint-dark-silver-black/,True
404,https://www.babykoutek.cz/produkty,False
405,https://www.topautodrahy.cz/kategorie-produktu/autodrahy-carrera/carrera-go-plus/,False
406,https://www.marines-shop.com/doplnky-k-batohum/,False
407,https://www.luceda.cz/drogerie/,False
408,https://www.eletronika.cz/Datove-prepinace-c1197_292_4.htm,False
409,https://www.notino.cz/yves-rocher/argan-rose-sprchovy-olej/,True
410,http://www.eshop-borabaits.cz/patriot/,False
411,https://www.opus.cz/kancelarske-doplnky/projekcni-platna-c-1006,False
412,https://www.leknihy.cz/Mapy-pruvodci-cestovani-c11_0_1.htm,False
413,https://www.key4you.cz/hry/xbox-360/rpg/,False
414,https://www.ceske-sperky.cz/obchodni-podminky,False
415,http://www.mio.cz/BLS-Zer0-32-respirator-FFP3-R-D-pro-opakovane-pouzivani-5-ks/,True
416,https://www.ledprofesional.cz/LED-Panel-podhledovy-c5_0_1.htm,False
417,https://www.limosky.cz/napoje-bad-brambacher/6ks-0-5l-pet-holunder-cerny-bez/,True
418,http://www.eshop-borabaits.cz/hobbit/,False
419,https://www.notino.cz/dermokosmetika/pece-o-plet/?f=1-1-37171-3645-35128,False
420,https://www.mavez.cz/BEZECKA-VYBAVA-RUFFWEAR-c8_1084_4.htm,False
421,https://www.mavez.cz/DREVITA-VLNA-c8_199_2.htm,False
422,http://www.vinovnik.cz/cervena-vina.html,False
423,https://www.luceda.cz/bylinne-koupele/,False
424,https://www.leknihy.cz/Thrillery-a-horory-c19_0_1.htm,False
425,https://www.spectoys.cz/,False
426,https://www.babykoutek.cz/produkty/interierova-hriste#interierova-hriste,False
427,http://www.pcvcomp.cz/default.asp?cls=stoitems&stiscaid=15,False
428,https://fitanu.com/cz/p-nsk-bunda-mountain-heavy-6gpb66pnr4z1450-ea7-8055180398265,False
429,https://www.beemy.cz/deky-letni/,False
430,https://www.eletronika.cz/Pampers-81687207-detska-uterka-480-kusu-d7880.htm,True
431,https://www.moda-store.cz/426-kabelky-a-tasky,False
432,https://www.eletronika.cz/Laminovaci-folie-c1197_295_4.htm,False
433,https://www.babykoutek.cz/bezdotykovy-davkovac-dezinfekce/,False
434,https://www.krbarna.cz/trubky-200-mm/,False
435,https://www.spectoys.cz/drevena-auticka/,False
436,http://www.happyrobin.cz/survival-food-pack-2/,False
437,http://www.mio.cz/Aquaphor-B100-25-MAXFOR-1ks/,True
438,http://www.pcvcomp.cz/default.asp?cls=stoitems&stiscaid=3147,False
439,http://www.mio.cz/BRITA-Marella-Cool-Memo-bila/,True
440,https://www.leknihy.cz/Bozsky-Bruce-DVD-plast-d65895.htm,True
441,https://www.notino.cz/korejska-kosmetika/,False
442,http://www.mio.cz/59S-UV-C-Univerzalni-sterilizacni-box-S2/,True
443,https://www.gymjewels.cz/collections/modni-naramky,False
444,https://biouly.cz/nahradni-dily-k-vcelim-ulum,False
445,https://www.eletronika.cz/Kavovary-cajovary-espressa-c1202_263_3.htm,False
446,https://www.leknihy.cz/Seznamka-DVD-plast-d358594.htm,True
447,http://www.prodejnakol.eu/cyklo-brasny-a-batohy,False
448,http://www.pcvcomp.cz/default.asp,False
449,https://www.bike-ski-sport.cz/maxbike/,False
450,https://www.babykoutek.cz/,False
451,https://eshop.hany.cz/nabizime/sara-komfort.htm,False
452,https://editsimon.cz/35-tangle-teezer,False
453,https://www.notino.cz/dermokosmetika/?f=1-1-37171-100014,False
454,https://www.eletronika.cz/Tiskarny-stitku-c1197_65_3.htm,False
455,https://www.krbarna.cz/kolena-130-mm/,False
456,https://www.mavez.cz/MAKETA-TRANSPORTNI-PRO-FIGURANTA-d11327.htm,True
457,https://www.eletronika.cz/Zastrihovace-c1202_237_3.htm,False
458,https://www.babykoutek.cz/o-firme/podporujeme,False
459,https://www.mojelatky.cz/show-free.htm?fid=50,False
460,https://www.beemy.cz/maxi/,False
461,https://www.spectoys.cz/logicke-hry-a-hlavolamy/montessori-hracka-zlepsujici-logiku/,True
462,https://www.levnepostriky.cz/fiskars,False
463,https://www.moda-store.cz/467-spodni-pradlo,False
464,https://www.perfectnails.cz/p/elastic-gold-shine-gel/,True
465,https://www.stovkomat.cz/kategorie/ostatni-facebook,False
466,https://eshop.gastronovotny.cz/kavovar-nivona--nicr-1030--871030/,True
467,https://karlie.cz/kategorie-produktu/kuchynske-doplnky/dochucovadla/bbq-omacka/,False
468,https://www.marines-shop.com/polarizacni-bryle/,False
469,http://shop.merret.cz/om-402uni/124-om-402uni-10200101.html,True
470,https://www.notino.cz/lesky-na-rty/,False
471,https://www.opus.cz/kancelarska-technika-c-2519?catalogProducts-productsList-page=2,False
472,https://www.krbarna.cz/teplovzdusne-vymeniky-150-mm/,False
473,https://www.stovkomat.cz/kategorie/facebook-sdileni,False
474,https://www.istuff.cz/zadni-tvrzene-sklo-pro-iphone-x-xs-xr-xs-max/,True
475,https://www.topautodrahy.cz/kategorie-produktu/autodrahy-retro/samotne-panely-retro-autodrahy/roztec-74-sede/,False
476,https://www.kosmas.cz/knihy/224774/manzelova-zena/,True
477,https://www.spectoys.cz/plastove-hracky/,False
478,http://www.cejlonskycaj.cz/20-sacku,False
479,https://editsimon.cz/39-framesi,False
480,https://www.krbarna.cz/zahradni-nabytek/,False
481,https://www.stovkomat.cz/uzivatel/Sokrates666,False
482,https://www.eletronika.cz/Audio-video-kabely-c1197_52_4.htm,False
483,http://www.mio.cz/BRITA-Maxtra-12ks/,True
484,http://www.happyrobin.cz/drobna-zvirata/,False
485,https://biouly.cz/index.php?route=journal2/quickview&pid=213,True
486,https://www.stovkomat.cz/100-youtube-odberatelu/34970/,True
487,https://www.bodyguru.cz/hrazdy/,False
488,http://www.mio.cz/BRITA-Maxtra-12ks/,True
489,http://www.happyrobin.cz/login/#,False
490,https://www.marines-shop.com/chranice-loktu/,False
491,https://www.notino.cz/paletky/,False
492,https://www.moda-store.cz/kalhoty/74744-543358-sexy-woman-pantalone-donna-blu.html#/34888-barva-modra/34884-velikost-s,True
493,https://editsimon.cz/vitaminy-a-doplnky/174-2v1-gumicka-do-vlasu-se-stuhou-invisibobble-wrapstar-machu-peachu-4260285395468.html,True
494,https://www.rustak.cz/pevne-zdravi,False
495,https://www.marines-shop.com/takticke-svitilny/,False
496,https://www.silkferries.cz/blog-silkferries/,False
497,https://www.silkferries.cz/2020/08/21/jak-nakoupit-parfem-ktery-opravdu-budete-nosit/,False
498,https://www.ledprofesional.cz/LED-Panel-podhledovy-ctverec-4W-tepla-bila-d55.htm,True
499,https://www.moda-store.cz/nizke/68698-542042-lois-jeans-scarpe-bambino-azzurro.html,True
500,https://www.stovkomat.cz/uzivatel/Dominikka,False
501,https://www.key4you.cz/faq-casto-kladene-dotazy/,False
502,https://www.alfa-leky.cz/08/hygiena-domacnost/,False
503,https://www.marines-shop.com/100--litru/,False
504,https://www.spectoys.cz/#customerLogin,False
505,http://www.zdraveaktivne.cz/panela-susena-trtinova-stava-bio/,True
506,https://promo-pneumatiky.cz/nove-produkty,False
507,https://www.opus.cz/personal/doplnky-c-4871,False
508,https://www.gymjewels.cz/search,False
509,https://www.mojelatky.cz/kanafas-c2_110_2.htm,False
510,http://www.sestavypc.cz/produkty.html,False
511,https://www.aloelanzarote.cz/hygiena/,False
512,https://www.klaro.cz/produkt/NEREZ2202,True
513,http://www.pcvcomp.cz/default.asp?cls=stoitems&stiscaid=3090,False
514,https://www.luceda.cz/bezpecnostni-zabrany-pro-deti/,False
515,http://www.jesy-obchod.cz/s-elektrickou-havarijni-funkci/48-gk24a-1.html,True
516,https://www.cantra.cz/#wows1_4,False
517,https://pantershop.cz/index.php?id_product=1008923&id_product_attribute=0&rewrite=HD-26-Pro&controller=product,True
518,https://www.inhair.cz/Vraceni-zbozi-a4_2.htm,False
519,https://www.bodyguru.cz/znacka/ksport/,False
520,https://www.marines-shop.com/tasmanian-tiger-bladder-pouch-olive/,True
521,https://www.aloelanzarote.cz/vinotherapie/hydratacni-telove-mleko-z-hroznu/,True
522,https://www.poctivedvere.cz/vetracimrizky/,False
523,https://www.kosmas.cz/knihy/285773/agnessa/,True
524,https://promo-pneumatiky.cz/vitour-b1630,False
525,https://karlie.cz/kategorie-produktu/misky/,False
526,https://www.notino.cz/kosmetika/telova-kosmetika/?f=1-1-2-3646-100001,False
527,http://www.prodejnakol.eu/cyklocomputery-a-pulsometry,False
528,https://www.notino.cz/niche/parfemy-zeny/,False
529,https://www.topautodrahy.cz/kategorie-produktu/autodrahy-carrera/,False
530,http://www.mio.cz/brita-maxtra-31/,True
531,https://www.marines-shop.com/#affiliateLogin,False
532,https://www.spectoys.cz/drevena-auticka/,False
533,http://www.mio.cz/3M-9332-Skladaci-respirator-FFP3-s-ventilkem/,True
534,https://www.moda-store.cz/481-polobotky,False
535,https://editsimon.cz/olaplex/168-olaplex-no-0-intensive-bond-building-hair-treatment-896360028552.html,True
536,https://www.bodyguru.cz/zebriny/#category-products-wrapper,False
537,https://www.notino.cz/kerastase/,False
538,https://www.aloelanzarote.cz/pece-o-plet/,False
539,http://www.vinovnik.cz/sajgo-gabor-tolcsva-tokaj-madarsko.html,False
540,https://www.inhair.cz/3-vzorky-kosmetiky,False
541,https://www.eletronika.cz/Kuchynske-nacini-c1202_240_3.htm,False
542,http://www.prodejnakol.eu/ghuztre/bez+kategorie/barbieri__or__torpado,False
543,https://libinst.cz/posledni-vikend-crowdfundingove-kampane-na-otevrene-hranice/,False
544,https://www.topautodrahy.cz/kategorie-produktu/autodrahy-retro/ovladace-na-retro-autodrahy/repas-ovladace-s-koncovkou-ites-gonio-faro/,False
545,https://www.babykoutek.cz/eshop/,False
546,http://www.mio.cz/3M-9330-Aura-respirator-FFP3/,True
547,https://www.stovkomat.cz/kategorie/foto-fotomontaze,False
548,https://www.spectoys.cz/drevene-vlacky-a-vlackodrahy/,False
549,https://www.notino.cz/kosmetika/dekorativni-kosmetika/?f=1-1-2-3644-100014,False
550,http://shop.merret.cz/13-om-352ac,False
551,https://www.mojelatky.cz/NAPLETY-PATENTY-c84_0_1.htm,False
552,https://www.topautodrahy.cz/produkt/auto-go-go-64179-ferrari-488-gt3-carrera/,True
553,https://www.pohonnavrata.cz/Elektricky-zamek-kridlove-brany-d64.htm,False
554,https://www.beemy.cz/dekorace/,False
555,http://www.eshop-borabaits.cz/method-mix-2/,False
556,http://www.pcvcomp.cz/cambium-networks-poe-15-4w-56v-gbe-dc-injector-n000900l017a_d313189.html,True
557,https://www.opus.cz/pametni-desky-a-boxy/boxy-c-4887,False
558,https://www.eletronika.cz/Kulmy-a-vysousece-vlasu-c1202_201_3.htm,False
559,https://www.levnepostriky.cz/chovatelske.potreby/krmivo.pro.psy/eminent.lamb.rice,True
560,http://www.mio.cz/TOPEX-SH3710-respirator-FFP1-1-ks/,True
561,http://www.cejlonskycaj.cz/zeleny-caj,False
562,http://www.happyrobin.cz/hlavni-jidla-2/,False
563,https://www.czkoupelna.cz/sprchove-dvere-do-niky/,False
564,"http://www.sestavypc.cz/0,93,repasovane-pc.html",False
565,http://www.sestavypc.cz/index.php,False
566,https://www.vrtule.org/vortex-1,False
567,https://www.stovkomat.cz/kategorie/?sort=2,False
568,https://www.bike-ski-sport.cz/hodnoceni-obchodu/,False
569,https://www.notino.cz/doprava-a-platba/,False
570,http://www.postele-betler.cz/povleceni/luxusni-satenove-povleceni-grafit,True
571,https://biouly.cz/domestav-trend-sro,False
572,https://www.inhair.cz/ELEKTRO-c9_5_2.htm,False
573,http://www.mio.cz/BLS-Zer0-32-respirator-FFP3-R-D-pro-opakovane-pouzivani-1-ks/,True
574,http://www.zdraveaktivne.cz/koreni/,False
575,https://www.mavez.cz/HRACKY-c16_169_2.htm,False
576,https://www.bodyguru.cz/zebriny/,False
577,https://www.eletronika.cz/Monitory-c1197_72_3.htm,False
578,https://pantershop.cz/index.php?id_product=2100045&id_product_attribute=0&rewrite=14303&controller=product,True
579,https://www.bodyguru.cz/stojany-na-cinky-a-zavazi/,False
580,https://www.alfa-leky.cz/kosik,False
581,https://www.opus.cz/upravy-dokumentu/multifuncni-crease-c-4842,False
582,https://www.beemy.cz/do-kocarku/,False
583,https://www.topautodrahy.cz/kategorie-produktu/autodrahy-retro/retro-origo-krabicky-listiny/,False
584,https://www.cantra.cz/#wows1_22,False
585,https://www.mavez.cz/SUSENKY-c8_253_4.htm,False
586,https://www.avima.cz/odkazy.php,False
587,https://www.mavez.cz/DESINFEKCE-c15_401_3.htm,False
588,https://www.stovkomat.cz/kategorie/reklamni-prezentacni-videa,False
589,http://www.happyrobin.cz/adventure-menu/,False
590,https://www.beemy.cz/bryndaky-slintacky/,False
591,http://www.prodejnakol.eu/ghuztre/obleceni-a-prilby-na-kolo/?custom_f_57[0]=34,False
592,https://www.eletronika.cz/Termosky-a-termohrnky-c1202_245_3.htm,False
593,https://editsimon.cz/37-invisibobble,False
594,https://www.marines-shop.com/jidelni-sady/,False
595,https://www.hany.cz/matrace.htm,False
596,https://www.ksiry.cz/vyrobky-pro-kone/madla,False
597,https://www.marines-shop.com/celovky/,False
598,https://www.notino.cz/premium/?f=1-1-37473-3620-3645,False
599,https://www.cantra.cz/#,False
600,"http://www.sestavypc.cz/osmijadro-amd-fx-8320e,-octo-core,-3.20ghz--8gb-ram--1tb-hdd--hd3200,496.html",True
601,https://www.topautodrahy.cz/kategorie-produktu/autodrahy-retro/ovladace-na-retro-autodrahy/ovladace-policar-pro-ites-autodrahu/,False
602,https://www.luceda.cz/calounene-postele---140x200-cm-4/,False
603,https://www.notino.cz/premium/?f=1-1-37473-23235,False
604,http://www.eshop-borabaits.cz/hobbit/pelety-3kg-2/,True
605,https://www.moda-store.cz/339-kratky-rukav,False
606,https://promo-pneumatiky.cz/fulda-b1452,False
607,https://www.pohonnavrata.cz/GSM-spinac-ovladani-mobilem-iQGSM-R1-az-10-uzivatelu-SIM-zdarma-d29.htm,True
608,http://www.happyrobin.cz/klient/zapomenute-heslo/,False
609,https://www.admm.cz/motor-35,False
610,https://www.stovkomat.cz/kategorie/ekonomika-ucetnictvi,False
611,https://www.inhair.cz/OSTATNI-c9_0_1.htm,False
612,https://www.ledprofesional.cz/,False
613,https://eulift.cz/vysokozdvizne-voziky/vysokozdvizne-voziky-rucne-vedene-poloelektricke.html,False
614,https://promo-pneumatiky.cz/kenda-b1481,False
615,https://www.luceda.cz/obyvaci-steny/,False
616,https://www.eletronika.cz/Vyrobniky-cukrove-vaty-c1202_221_3.htm,False
617,https://www.opus.cz/skartace-skartovacky-skartovaci-stroje/velka-kancelar-c-1894,False
618,https://www.belts.cz/damsky-kozeny-opasek-30-191-50-sedy-sid-30-191-50-85-detail,True
619,http://www.mio.cz/Aquaphor-B100-25-MAXFOR-2ks/,True
620,https://www.babykoutek.cz/produkty/interierova-hriste#interierova-hriste,False
621,https://www.poctivedvere.cz/dvere_ik3s0/,True
622,https://www.beemy.cz/pece-o-dite/mushie-cleo-klip-na-dudlik-redwood/,True
623,https://www.stovkomat.cz/uzivatel/mirakasik,False
624,https://www.spectoys.cz/doprava-a-platba/,False
625,https://www.topautodrahy.cz/produkt/auto-go-go-64146-ford-mustang-1967/,True
626,https://www.ceske-sperky.cz/Detske-nausnice-z-bileho-zlata-585-1000-VE-175-pink-d10912.htm,True
627,https://www.mojelatky.cz/dzungle-indiani-etnik-c2_131_2.htm,False
628,https://www.rustak.cz/priroda-nebo-chemie,False
629,https://www.istuff.cz/gameboy-gamebox-500-her/,True
630,https://www.nishikigoi.cz/servis-jezirka,False
631,https://biouly.cz/ramky-a-prirezy/typ-hoffman,False
632,http://www.jesy-obchod.cz/18-s-elektrickou-havarijni-funkci,False
633,https://altayka.cz/kategorie-produktu/pilniky/,False
634,"http://www.sestavypc.cz/osmijadro-amd-fx-8320e,-octo-core,-3.20ghz--8gb-ram--1tb-hdd--hd3200,496.html",True
635,https://www.alfa-leky.cz/10/veterina/,False
636,https://www.spectoys.cz/drevene-hracky/,False
637,https://www.bike-ski-sport.cz/horska-kola/,False
638,https://www.istuff.cz/elektricka-kolobezka-kugoo-s1-pro/,True
639,https://biouly.cz/komponenty-bioul-langstroth,False
640,https://pantershop.cz/index.php?id_product=1009910&id_product_attribute=1021056&rewrite=MOMENTUM-Wireless-3&controller=product#/1021056-varianta-momentum_wireless_3_black,True
641,https://www.stovkomat.cz/kategorie/pr-clanky,False
642,https://www.notino.cz/beleni-zubu/,False
643,https://www.mojelatky.cz/FLEECE-c60_0_1.htm,False
644,https://www.elspok.cz/Foliovnik-200-x-350-cm-7-m2-bily-d71811.htm,True
645,https://eshop.gastronovotny.cz/panve-wok/,False
646,https://biouly.cz/cmeliny,False
647,https://www.cantra.cz/#wows1_15,False
648,http://www.mio.cz/Biotech-rychly-test-protilatek-IgM-IgG-na-Covid-19-sada-1-ks-v-cestine/,True
649,https://www.topautodrahy.cz/kategorie-produktu/autodrahy-retro/nahradni-dily-na-auticka/,False
650,https://www.pohonnavrata.cz/Pohony-pro-posuvna-vrata-c8_0_1.htm,False
651,https://www.stovkomat.cz/vop.php?vop=3,False
652,https://www.beemy.cz/#,False
653,"http://www.sestavypc.cz/vykonne-intel-core-i3-4170,-dual-core,-3.70ghz--8-gb--1tb-hdd--w10-pro,498.html",True
654,https://libinst.cz/je-ovela-lahsie-hayeka-obdivovat-ci-kritizovat-nez-sa-ho-naozaj-snazit-pochopit/,False
655,http://www.happyrobin.cz/survival-food-pack-2/#customerLogin,False
656,https://www.beemy.cz/darkove-poukazy/,False
657,https://www.moda-store.cz/383-polobotky,False
658,https://www.sockel.cz/jak-nakupovat,False
659,https://www.opus.cz/dratena-vazba/dratena-vazba-2-1-c-4911,False
660,https://www.topautodrahy.cz/kategorie-produktu/autodrahy-carrera/carrera-digital-124/d124-auta-carrera-digital-124/,False
661,https://www.moda-store.cz/396-dzinove,False
662,https://karlie.cz/kategorie-produktu/nadobi/litinove-nadobi/hrnce-ovalne/,False
663,https://www.moda-store.cz/220-kosile,False
664,https://www.key4you.cz/hry/rts/znovuhratelne/A/,False
665,https://eshop.hany.cz/,False
666,https://www.profipotraviny.cz/napoje-instantni-do-mleka/,False
667,https://www.perfectnails.cz/p/lavosept-r-roztok-na-nastroje-ve-spreji-500-ml-aroma-trnka/,True
668,https://eshop.gastronovotny.cz/optimo/,False
669,https://www.czkoupelna.cz/ross-mono-80x195-cm-jednokridle-sprchove-dvere-80-85-cm/,True
670,http://www.mio.cz/BRITA-Maxtra-20ks/,True
671,http://www.eshop-borabaits.cz/booster-dip/,False
672,https://www.klaro.cz/produkt/122315,True
673,"http://www.sestavypc.cz/0,23,nove-sestavy-pc.html",False
674,http://www.mio.cz/BRITA-Maxtra-4ks/,True
675,https://www.iskay.cz/nahrdelniky-z-pryskyrice/privesek-snow-queen/,True
676,https://www.bodyguru.cz/fitness-stroje-a-naradi/bradla-na-zed-2/,True
677,https://biouly.cz/lepsi-nabidky,False
678,https://www.gymjewels.cz/collections/fitness-naramky-s-cinkou,False
679,http://www.happyrobin.cz/registrace/#customerLogin,False
680,https://www.leknihy.cz/Jak-nakupovat-a4_0.htm,False
681,https://promo-pneumatiky.cz/t-tyre-forty-one-185-60r14-82h-p606402,True
682,http://www.mio.cz/TOPEX-ZH3021-respirator-FFP2-1-ks/,True
683,https://www.iskay.cz/naramek/,False
684,https://www.aloelanzarote.cz/pece-pro-muze/,False
685,https://www.nishikigoi.cz/katalog/cz/vse-pro-jezirka_11/leciva_767/produkt/doprava-koi-az-do-jezirka,True
686,http://www.cejlonskycaj.cz/zeleny-caj,False
687,https://www.moda-store.cz/obleceni-a-moda/68193-231767-panske-polo-triko-gant-bile.html#/34657-size-s,True
688,https://www.marines-shop.com/paracord-spulky/,False
689,https://www.alfa-leky.cz/4530508-3m-futuro-bederni-pasnexcare-coldhot-obklad-darek,True
690,https://www.stovkomat.cz/kategorie/copywriting,False
691,https://promo-pneumatiky.cz/journey-b1479,False
692,https://www.moda-store.cz/418-teplaky-a-soupravy,False
693,http://www.happyrobin.cz/pro-panicky/,False
694,https://www.moda-store.cz/385-kotnikove,False
695,https://promo-pneumatiky.cz/blog,False
696,https://altayka.cz/shop/pilniky/pilnik-na-chodidla-velky/,True
697,https://www.limosky.cz/energeticke-napoje/bomba-cherry/,True
698,https://www.prehozydeky.cz/kvalitni-spanelsky-prehoz-na-jednoluzkovou-postel-s-1-povlakem-na-polstar/,True
699,http://www.mitaka.cz/category/vata-vyfuku,False
700,https://www.krbarna.cz/kourovody-130-mm/,False
701,https://www.moda-store.cz/201-kabaty,False
702,https://promo-pneumatiky.cz/riken-b1414,False
703,https://www.inchema.cz/obchod/chemikalie/bazenova-chemie/kyselina-chlorovodikova-solna/,True
704,https://libinst.cz/posledni-vikend-crowdfundingove-kampane-na-otevrene-hranice/,False
705,https://promo-pneumatiky.cz/gripmax-b1626,False
706,http://shop.merret.cz/34-om-602uqc,False
707,https://eulift.cz/paletove-voziky/paletove-voziky-dily.html,False
708,https://promo-pneumatiky.cz/nove-produkty,False
709,https://prislusenstvi.protoi.cz/powerbanka-s-displejem-a-led-podsvicenim,True
710,https://www.alfa-leky.cz/novinky/30-lekarnicka-na-cesty,False
