Notino,https://www.heureka.cz/exit/notino-cz/?z=4,https://www.notino.cz/,www.notino.cz
Kosmas.cz,https://www.heureka.cz/exit/kosmas-cz/?z=4,https://www.kosmas.cz/,www.kosmas.cz
iMobily.eu,https://www.heureka.cz/exit/imobily-eu/?z=4,https://www.imobily.eu/,www.imobily.eu
Key4you,https://www.heureka.cz/exit/key4you-cz/?z=4,https://www.key4you.cz/,www.key4you.cz
cz777.cz,https://www.heureka.cz/exit/cz777-cz/?z=4,https://www.cz777.cz/,www.cz777.cz
www.PROFIpotraviny.cz,https://www.heureka.cz/exit/profipotraviny-cz/?z=4,https://www.profipotraviny.cz/,www.profipotraviny.cz
PřehozyDeky.cz,https://www.heureka.cz/exit/prehozydeky-cz/?z=4,https://www.prehozydeky.cz/,www.prehozydeky.cz
Lékárna Alfa,https://www.heureka.cz/exit/alfa-leky-cz/?z=4,https://www.alfa-leky.cz/,www.alfa-leky.cz
Gastro Novotný,https://www.heureka.cz/exit/gastronovotny-cz/?z=4,https://www.gastronovotny.cz/,www.gastronovotny.cz
istuff,https://www.heureka.cz/exit/istuff-cz/?z=4,https://www.istuff.cz/,www.istuff.cz
RŮSŤÁK.CZ,https://www.heureka.cz/exit/rustak-cz/?z=4,https://www.rustak.cz/,www.rustak.cz
Autopotahy Cantra,https://www.heureka.cz/exit/cantra-cz/?z=4,https://www.cantra.cz/,www.cantra.cz
Gamehouse,https://www.heureka.cz/exit/gamehouse-cz/?z=4,https://www.gamehouse.cz/,www.gamehouse.cz
stample.cz,https://www.heureka.cz/exit/stample-cz/?z=4,https://www.stample.cz/,www.stample.cz
Marines Shop,https://www.heureka.cz/exit/marines-shop-com/?z=4,https://www.marines-shop.com/,www.marines-shop.com
Krbarna.cz,https://www.heureka.cz/exit/krbarna-cz/?z=4,https://www.krbarna.cz/,www.krbarna.cz
poctivedvere.cz,https://www.heureka.cz/exit/poctivedvere-cz/?z=4,https://www.poctivedvere.cz/,www.poctivedvere.cz
Mio.cz,https://www.heureka.cz/exit/mio-cz/?z=4,http://www.mio.cz/,www.mio.cz
INhair,https://www.heureka.cz/exit/inhair-cz/?z=4,https://www.inhair.cz/,www.inhair.cz
sestavypc.cz,https://www.heureka.cz/exit/sestavypc-cz/?z=4,http://www.sestavypc.cz/,www.sestavypc.cz
detskeboty.cz,https://www.heureka.cz/exit/detskeboty-cz/?z=4,https://www.detskeboty.cz/,www.detskeboty.cz
bodyguru.cz,https://www.heureka.cz/exit/bodyguru-cz/?z=4,https://www.bodyguru.cz/,www.bodyguru.cz
mitaka.cz,https://www.heureka.cz/exit/mitaka-cz/?z=4,http://www.mitaka.cz/,www.mitaka.cz
Stovkomat.cz,https://www.heureka.cz/exit/stovkomat-cz/?z=4,https://www.stovkomat.cz/,www.stovkomat.cz
Mavez,https://www.heureka.cz/exit/mavez-cz/?z=4,https://www.mavez.cz/,www.mavez.cz
Aquatica Koi Centrum,https://www.heureka.cz/exit/nishikigoi-cz/?z=4,https://www.nishikigoi.cz/,www.nishikigoi.cz
5XL.cz,https://www.heureka.cz/exit/5xl-cz/?z=4,https://www.5xl.cz/,www.5xl.cz
OvečkaShop.cz,https://www.heureka.cz/exit/oveckashop-cz/?z=4,https://oveckashop.cz/,oveckashop.cz
hany,https://www.heureka.cz/exit/hany-cz/?z=4,https://www.hany.cz/,www.hany.cz
czkoupelna.cz,https://www.heureka.cz/exit/czkoupelna-cz/?z=4,https://www.czkoupelna.cz/,www.czkoupelna.cz
Klaro,https://www.heureka.cz/exit/klaro-cz/?z=4,https://www.klaro.cz/,www.klaro.cz
KVH T-S 19 Turov,https://www.heureka.cz/exit/t-s19-cz/?z=4,https://www.t-s19.cz/,www.t-s19.cz
Dobré balení,https://www.heureka.cz/exit/dobrebaleni-cz/?z=4,http://www.dobrebaleni.cz/,www.dobrebaleni.cz
Limošky.cz,https://www.heureka.cz/exit/limosky-cz/?z=4,https://www.limosky.cz/,www.limosky.cz
ORBIT MERRET s.r.o.,https://www.heureka.cz/exit/shop-merret-cz/?z=4,http://shop.merret.cz/,shop.merret.cz
Luftuj.cz,https://www.heureka.cz/exit/luftuj-cz/?z=4,https://www.luftuj.cz/,www.luftuj.cz
Ledprofesional,https://www.heureka.cz/exit/ledprofesional-cz/?z=4,https://www.ledprofesional.cz/,www.ledprofesional.cz
Postele Betler,https://www.heureka.cz/exit/postele-betler-cz/?z=4,http://www.postele-betler.cz/,www.postele-betler.cz
e-Pralinkarna.cz,https://www.heureka.cz/exit/e-pralinkarna-cz/?z=4,http://vcukru.cz/,vcukru.cz
Pohony na vrata,https://www.heureka.cz/exit/pohonnavrata-cz/?z=4,https://www.pohonnavrata.cz/,www.pohonnavrata.cz
bike-ski-sport.cz,https://www.heureka.cz/exit/bike-ski-sport-cz/?z=4,https://www.bike-ski-sport.cz/,www.bike-ski-sport.cz
Aloelanzarote.cz/,https://www.heureka.cz/exit/aloelanzarote-cz/?z=4,https://www.aloelanzarote.cz/,www.aloelanzarote.cz
Lifestar.cz,https://www.heureka.cz/exit/lifestar-cz/?z=4,https://www.lifestar.cz/,www.lifestar.cz
Kapřík.cz,https://www.heureka.cz/exit/kaprik-cz/?z=4,https://kaprik.cz/,kaprik.cz
Moda-store,https://www.heureka.cz/exit/moda-store-cz/?z=4,https://www.moda-store.cz/,www.moda-store.cz
Liker-zihadlo.cz,https://www.heureka.cz/exit/liker-zihadlo-cz/?z=4,https://www.liker-zihadlo.cz/,www.liker-zihadlo.cz-click
Jan Benda,https://www.heureka.cz/exit/pozarni-zbozi-cz/?z=4,https://www.pozarni-zbozi.cz/,www.pozarni-zbozi.cz
Spectoys.cz,https://www.heureka.cz/exit/spectoys-cz/?z=4,https://www.spectoys.cz/,www.spectoys.cz
Power-bar,https://www.heureka.cz/exit/power-bar-cz/?z=4,https://www.power-bar.cz/,www.power-bar.cz
Borabaits,https://www.heureka.cz/exit/eshop-borabaits-cz/?z=4,https://www.eshop-borabaits.cz/,www.eshop-borabaits.cz
Carforkids.cz,https://www.heureka.cz/exit/carforkids-cz/?z=4,https://www.carforkids.cz/,www.carforkids.cz
EditSimón,https://www.heureka.cz/exit/editsimon-cz/?z=4,https://editsimon.cz/,editsimon.cz
Příslušenství,https://www.heureka.cz/exit/prislusenstvi-protoi-cz/?z=4,https://prislusenstvi.protoi.cz/,prislusenstvi.protoi.cz
TacTool,https://www.heureka.cz/exit/tactool-cz/?z=4,https://tactool.cz/cs/,tactool.cz
Cejlonský čaj,https://www.heureka.cz/exit/cejlonskycaj-cz/?z=4,http://www.cejlonskycaj.cz/,www.cejlonskycaj.cz
HappyRobin.cz,https://www.heureka.cz/exit/happyrobin-cz/?z=4,http://www.happyrobin.cz/,www.happyrobin.cz
Panter,https://www.heureka.cz/exit/pantershop-cz/?z=4,https://pantershop.cz/index.php,pantershop.cz
Gymjewels.cz,https://www.heureka.cz/exit/gymjewels-cz/?z=4,https://www.gymjewels.cz/,www.gymjewels.cz
BallFantasy,https://www.heureka.cz/exit/eshop-ballfantasy-cz/?z=4,https://eshop.ballfantasy.cz/,eshop.ballfantasy.cz
Top Autodráhy,https://www.heureka.cz/exit/topautodrahy-cz/?z=4,https://www.topautodrahy.cz/,www.topautodrahy.cz
Liberální Institut,https://www.heureka.cz/exit/libinst-cz-obchod/?z=4,https://libinst.cz/obchod/,libinst.cz
Futuron Forge,https://www.heureka.cz/exit/futuronshop-com/?z=4,https://www.futuronshop.com/,www.futuronshop.com
Silk Ferries,https://www.heureka.cz/exit/silkferries-cz/?z=4,https://www.silkferries.cz/,www.silkferries.cz
www.zdraveaktivne.cz,https://www.heureka.cz/exit/zdraveaktivne-cz/?z=4,http://www.zdraveaktivne.cz/,www.zdraveaktivne.cz
Eletronika.cz,https://www.heureka.cz/exit/eletronika-cz/?z=4,https://www.eletronika.cz/,www.eletronika.cz
"Altronik, s.r.o.",https://www.heureka.cz/exit/altronik-cz/?z=4,http://www.altronik.cz/,www.altronik.cz
"PCV Computers, s.r.o.",https://www.heureka.cz/exit/pcvcomp-cz/?z=4,http://www.pcvcomp.cz/,www.pcvcomp.cz
leknihy.cz,https://www.heureka.cz/exit/leknihy-cz/?z=4,https://www.leknihy.cz/,www.leknihy.cz
Kšíry.cz,https://www.heureka.cz/exit/ksiry-cz/?z=4,https://www.ksiry.cz/,www.ksiry.cz
GUAA-CHEMIE,https://www.heureka.cz/exit/guaa-chemie-cz/?z=4,https://www.guaa-chemie.cz/,www.guaa-chemie.cz
Perfectnails.cz,https://www.heureka.cz/exit/perfectnails-cz/?z=4,https://www.perfectnails.cz/,www.perfectnails.cz
LPG - materiál.cz,https://www.heureka.cz/exit/lpg-material-cz/?z=4,http://www.lpg-material.cz/,www.lpg-material.cz
Mojelátky.cz,https://www.heureka.cz/exit/mojelatky-cz/?z=4,https://www.mojelatky.cz/,www.mojelatky.cz
Promo-Pneumatiky.cz,https://www.heureka.cz/exit/promo-pneumatiky-cz/?z=4,https://promo-pneumatiky.cz/,promo-pneumatiky.cz
Prodejnakol.eu,https://www.heureka.cz/exit/prodejnakol-eu/?z=4,http://www.prodejnakol.eu/,www.prodejnakol.eu
INCHEMA s.r.o.,https://www.heureka.cz/exit/inchema-cz/?z=4,https://www.inchema.cz/,www.inchema.cz
Babykoutek,https://www.heureka.cz/exit/babykoutek-cz/?z=4,https://www.babykoutek.cz/,www.babykoutek.cz
České šperky,https://www.heureka.cz/exit/ceske-sperky-cz/?z=4,https://www.ceske-sperky.cz/,www.ceske-sperky.cz
Levnepostriky.cz,https://www.heureka.cz/exit/levnepostriky-cz/?z=4,https://www.levnepostriky.cz/cz/,www.levnepostriky.cz
KOMANT,https://www.heureka.cz/exit/komant-cz/?z=4,https://www.komant.cz/,www.komant.cz
Fitanu,https://www.heureka.cz/exit/fitanu-com-cz/?z=4,https://fitanu.com/cz/,fitanu.com
Elspok,https://www.heureka.cz/exit/elspok-cz/?z=4,https://www.elspok.cz/,www.elspok.cz
EMPORO,https://www.heureka.cz/exit/emporo-cz/?z=4,https://www.emporo.cz/,www.emporo.cz
ISKAY,https://www.heureka.cz/exit/iskay-cz/?z=4,https://www.iskay.cz/,www.iskay.cz
PENNYBELTS,https://www.heureka.cz/exit/belts-cz/?z=4,https://www.belts.cz/,www.belts.cz
Eulift.cz,https://www.heureka.cz/exit/eulift-cz/?z=4,https://eulift.cz/,eulift.cz
SHIFT s.r.o.,https://www.heureka.cz/exit/shift-cz/?z=4,https://www.shift.cz/,www.shift.cz
AVIMA,https://www.heureka.cz/exit/avima-cz/?z=4,https://www.avima.cz/,www.avima.cz
OPUS.cz,https://www.heureka.cz/exit/opus-cz/?z=4,https://www.opus.cz/,www.opus.cz
Vínovník,https://www.heureka.cz/exit/vinovnik-cz/?z=4,http://www.vinovnik.cz/,www.vinovnik.cz
vrtule.org,https://www.heureka.cz/exit/vrtule-org/?z=4,https://www.vrtule.org/,www.vrtule.org
Luceda.cz,https://www.heureka.cz/exit/luceda-cz/?z=4,https://www.luceda.cz/,www.luceda.cz
Měření a regulace,https://www.heureka.cz/exit/jesy-obchod-cz/?z=4,http://www.jesy-obchod.cz/,www.jesy-obchod.cz
Sockel,https://www.heureka.cz/exit/sockel-cz/?z=4,https://www.sockel.cz/,www.sockel.cz
Biouly,https://www.heureka.cz/exit/biouly-cz/?z=4,https://biouly.cz/,biouly.cz
Altyka s.r.o.,https://www.heureka.cz/exit/altayka-cz/?z=4,https://altayka.cz/,altayka.cz
Božan_balič potravinářský,https://www.heureka.cz/exit/bozanbalic-cz/?z=4,https://www.bozanbalic.cz/,www.bozanbalic.cz
Karlie.cz,https://www.heureka.cz/exit/karlie-cz/?z=4,https://karlie.cz/,karlie.cz
BeeMy,https://www.heureka.cz/exit/beemy-cz/?z=4,https://www.beemy.cz/,www.beemy.cz
ADMM.cz,https://www.heureka.cz/exit/admm-cz/?z=4,https://www.admm.cz/,www.admm.cz